1/30/2018 11:19:46,ACCT04\paliderd,BEGIN - IES.DataBridge.Loaders.WhosOnlineLoader.UpdateLastAccessTime ,0
1/30/2018 11:19:47,ACCT04\paliderd,IES.DataBridge.Loaders.WhosOnlineLoader.UpdateLastAccessTime ,1926
1/30/2018 11:19:47,ACCT04\paliderd,BEGIN - GenTRAC.DataBridge.DTO.IUserMapper.GetByNtid UserMapper.GetByNtid,0
1/30/2018 11:19:47,ACCT04\paliderd,BEGIN - GenTRAC.DataBridge.DTO.UserLoader.UserExists UserLoader.UserExists,0
1/30/2018 11:19:48,ACCT04\paliderd,GenTRAC.DataBridge.DTO.UserLoader.UserExists UserLoader.UserExists,1042
1/30/2018 11:19:48,ACCT04\paliderd,BEGIN - GenTRAC.DataBridge.DTO.UserLoader.GetByNtid UserLoader.GetUserByNtid,0
1/30/2018 11:19:49,ACCT04\paliderd,GenTRAC.DataBridge.DTO.UserLoader.GetByNtid UserLoader.GetUserByNtid,184
1/30/2018 11:19:49,ACCT04\paliderd,MISS - GetByNtid -> Keyuser_paliderd,187
1/30/2018 11:19:49,ACCT04\paliderd,GenTRAC.DataBridge.DTO.IUserMapper.GetByNtid UserMapper.GetByNtid,1246
1/30/2018 11:19:50,ACCT04\paliderd,BEGIN - GenTRAC.DataBridge.DTO.ProposalLoader.GetAllSlim ProposalLoader.GetAllSlim,0
1/30/2018 11:19:50,ACCT04\paliderd,GenTRAC.DataBridge.DTO.ProposalLoader.GetAllSlim ProposalLoader.GetAllSlim,233
1/30/2018 11:19:50,ACCT04\paliderd,ACTION - Index,3190
1/30/2018 11:19:58,ACCT04\paliderd,BEGIN - IES.DataBridge.Loaders.WhosOnlineLoader.UpdateLastAccessTime ,0
1/30/2018 11:19:58,ACCT04\paliderd,IES.DataBridge.Loaders.WhosOnlineLoader.UpdateLastAccessTime ,249
1/30/2018 11:19:58,ACCT04\paliderd,ACTION - CanViewWhosOnline,1
1/30/2018 11:20:40,ACCT04\paliderd,BEGIN - IES.DataBridge.Loaders.WhosOnlineLoader.UpdateLastAccessTime ,0
1/30/2018 11:20:41,ACCT04\paliderd,IES.DataBridge.Loaders.WhosOnlineLoader.UpdateLastAccessTime ,213
1/30/2018 11:20:41,ACCT04\paliderd,BEGIN - GenTRAC.DataBridge.DTO.IUserMapper.GetByNtid UserMapper.GetByNtid,0
1/30/2018 11:20:41,ACCT04\paliderd,BEGIN - GenTRAC.DataBridge.DTO.UserLoader.UserExists UserLoader.UserExists,0
1/30/2018 11:20:41,ACCT04\paliderd,GenTRAC.DataBridge.DTO.UserLoader.UserExists UserLoader.UserExists,88
1/30/2018 11:20:41,ACCT04\paliderd,GenTRAC.DataBridge.DTO.IUserMapper.GetByNtid UserMapper.GetByNtid,88
1/30/2018 11:20:41,ACCT04\paliderd,ACTION - Edit,330
3/8/2018 10:05:12,ACCT04\paliderd,BEGIN - IES.DataBridge.Loaders.WhosOnlineLoader.UpdateLastAccessTime ,0
3/8/2018 10:05:14,ACCT04\paliderd,IES.DataBridge.Loaders.WhosOnlineLoader.UpdateLastAccessTime ,1699
3/8/2018 10:05:19,ACCT04\paliderd,BEGIN - IES.DataBridge.Loaders.WhosOnlineLoader.UpdateLastAccessTime ,0
3/8/2018 10:05:19,ACCT04\paliderd,IES.DataBridge.Loaders.WhosOnlineLoader.UpdateLastAccessTime ,227
3/8/2018 10:05:20,ACCT04\paliderd,BEGIN - GenTRAC.DataBridge.DTO.IUserMapper.GetByNtid UserMapper.GetByNtid,0
3/8/2018 10:05:20,ACCT04\paliderd,BEGIN - GenTRAC.DataBridge.DTO.UserLoader.UserExists UserLoader.UserExists,0
3/8/2018 10:05:20,ACCT04\paliderd,GenTRAC.DataBridge.DTO.UserLoader.UserExists UserLoader.UserExists,756
3/8/2018 10:05:20,ACCT04\paliderd,BEGIN - GenTRAC.DataBridge.DTO.UserLoader.GetByNtid UserLoader.GetUserByNtid,0
3/8/2018 10:05:21,ACCT04\paliderd,GenTRAC.DataBridge.DTO.UserLoader.GetByNtid UserLoader.GetUserByNtid,201
3/8/2018 10:05:21,ACCT04\paliderd,MISS - GetByNtid -> Key: user_paliderd,204
3/8/2018 10:05:21,ACCT04\paliderd,GenTRAC.DataBridge.DTO.IUserMapper.GetByNtid UserMapper.GetByNtid,969
3/8/2018 10:05:21,ACCT04\paliderd,BEGIN - GenTRAC.DataBridge.DTO.ProposalLoader.GetAllSlim ProposalLoader.GetAllSlim,0
3/8/2018 10:05:22,ACCT04\paliderd,GenTRAC.DataBridge.DTO.ProposalLoader.GetAllSlim ProposalLoader.GetAllSlim,270
3/8/2018 10:05:22,ACCT04\paliderd,BEGIN - IES.DataBridge.Loaders.RevisionLoader.GetAll ,0
3/8/2018 10:05:22,ACCT04\paliderd,IES.DataBridge.Loaders.RevisionLoader.GetAll ,328
3/8/2018 10:05:23,ACCT04\paliderd,ACTION - Index,3303
3/8/2018 10:05:28,ACCT04\paliderd,BEGIN - IES.DataBridge.Loaders.WhosOnlineLoader.UpdateLastAccessTime ,0
3/8/2018 10:05:28,ACCT04\paliderd,IES.DataBridge.Loaders.WhosOnlineLoader.UpdateLastAccessTime ,243
3/8/2018 10:05:28,ACCT04\paliderd,ACTION - CanViewWhosOnline,1
3/8/2018 10:05:42,ACCT04\paliderd,BEGIN - IES.DataBridge.Loaders.WhosOnlineLoader.UpdateLastAccessTime ,0
3/8/2018 10:05:43,ACCT04\paliderd,IES.DataBridge.Loaders.WhosOnlineLoader.UpdateLastAccessTime ,239
3/8/2018 10:05:43,ACCT04\paliderd,BEGIN - GenTRAC.DataBridge.DTO.IUserMapper.GetByNtid UserMapper.GetByNtid,0
3/8/2018 10:05:43,ACCT04\paliderd,GenTRAC.DataBridge.DTO.IUserMapper.GetByNtid UserMapper.GetByNtid,0
3/8/2018 10:05:43,ACCT04\paliderd,BEGIN - GenTRAC.DataBridge.DTO.ProposalLoader.GetByIds ProposalLoader.GetByIds,0
3/8/2018 10:05:43,ACCT04\paliderd,GenTRAC.DataBridge.DTO.ProposalLoader.GetByIds ProposalLoader.GetByIds,317
3/8/2018 10:05:43,ACCT04\paliderd,BEGIN - IES.DataBridge.Loaders.RevisionLoader.GetAll ,0
3/8/2018 10:05:44,ACCT04\paliderd,IES.DataBridge.Loaders.RevisionLoader.GetAll ,163
3/8/2018 10:05:44,ACCT04\paliderd,ACTION - Edit,1056
3/8/2018 10:05:44,ACCT04\paliderd,BEGIN - IES.DataBridge.Loaders.WhosOnlineLoader.UpdateLastAccessTime ,0
3/8/2018 10:05:45,ACCT04\paliderd,IES.DataBridge.Loaders.WhosOnlineLoader.UpdateLastAccessTime ,257
3/8/2018 10:05:45,ACCT04\paliderd,ACTION - GetSectionsForRevision,883
3/8/2018 10:05:45,ACCT04\paliderd,BEGIN - IES.DataBridge.Loaders.WhosOnlineLoader.UpdateLastAccessTime ,0
3/8/2018 10:05:46,ACCT04\paliderd,IES.DataBridge.Loaders.WhosOnlineLoader.UpdateLastAccessTime ,248
3/8/2018 10:05:46,ACCT04\paliderd,BEGIN - IES.DataBridge.Loaders.RateDetailLoader.GetRatesForRdsbDocument ,0
3/8/2018 10:05:46,ACCT04\paliderd,IES.DataBridge.Loaders.RateDetailLoader.GetRatesForRdsbDocument ,123
3/8/2018 10:05:46,ACCT04\paliderd,ACTION - GetRateCodesForRevision,126
3/8/2018 10:05:52,ACCT04\paliderd,BEGIN - IES.DataBridge.Loaders.WhosOnlineLoader.UpdateLastAccessTime ,0
3/8/2018 10:05:52,ACCT04\paliderd,IES.DataBridge.Loaders.WhosOnlineLoader.UpdateLastAccessTime ,227
3/8/2018 10:05:52,ACCT04\paliderd,BEGIN - GenTRAC.DataBridge.DTO.IUserMapper.GetByNtid UserMapper.GetByNtid,0
3/8/2018 10:05:52,ACCT04\paliderd,GenTRAC.DataBridge.DTO.IUserMapper.GetByNtid UserMapper.GetByNtid,0
3/8/2018 10:05:53,ACCT04\paliderd,BEGIN - IES.DataBridge.Loaders.RevisionLoader.GetAll ,0
3/8/2018 10:05:53,ACCT04\paliderd,IES.DataBridge.Loaders.RevisionLoader.GetAll ,185
3/8/2018 10:05:53,ACCT04\paliderd,ACTION - Save,468
3/8/2018 10:06:45,ACCT04\paliderd,BEGIN - IES.DataBridge.Loaders.WhosOnlineLoader.UpdateLastAccessTime ,0
3/8/2018 10:06:46,ACCT04\paliderd,IES.DataBridge.Loaders.WhosOnlineLoader.UpdateLastAccessTime ,249
3/8/2018 10:06:46,ACCT04\paliderd,BEGIN - GenTRAC.DataBridge.DTO.IUserMapper.GetByNtid UserMapper.GetByNtid,0
3/8/2018 10:06:46,ACCT04\paliderd,BEGIN - GenTRAC.DataBridge.DTO.UserLoader.UserExists UserLoader.UserExists,0
3/8/2018 10:06:46,ACCT04\paliderd,GenTRAC.DataBridge.DTO.UserLoader.UserExists UserLoader.UserExists,108
3/8/2018 10:06:46,ACCT04\paliderd,GenTRAC.DataBridge.DTO.IUserMapper.GetByNtid UserMapper.GetByNtid,108
3/8/2018 10:06:57,ACCT04\paliderd,BEGIN - IES.DataBridge.Loaders.RevisionLoader.GetAll ,0
3/8/2018 10:06:57,ACCT04\paliderd,IES.DataBridge.Loaders.RevisionLoader.GetAll ,159
3/8/2018 10:07:03,ACCT04\paliderd,ACTION - Save,17229
3/8/2018 10:07:14,ACCT04\paliderd,BEGIN - IES.DataBridge.Loaders.WhosOnlineLoader.UpdateLastAccessTime ,0
3/8/2018 10:07:14,ACCT04\paliderd,IES.DataBridge.Loaders.WhosOnlineLoader.UpdateLastAccessTime ,220
3/8/2018 10:07:14,ACCT04\paliderd,BEGIN - GenTRAC.DataBridge.DTO.IUserMapper.GetByNtid UserMapper.GetByNtid,0
3/8/2018 10:07:14,ACCT04\paliderd,GenTRAC.DataBridge.DTO.IUserMapper.GetByNtid UserMapper.GetByNtid,0
3/8/2018 10:07:20,ACCT04\paliderd,BEGIN - IES.DataBridge.Loaders.RevisionLoader.GetAll ,0
3/8/2018 10:07:20,ACCT04\paliderd,IES.DataBridge.Loaders.RevisionLoader.GetAll ,184
3/8/2018 10:07:20,ACCT04\paliderd,BEGIN - IES.DataBridge.Loaders.RateDetailLoader.GetRatesForRdsbDocument ,0
3/8/2018 10:07:20,ACCT04\paliderd,IES.DataBridge.Loaders.RateDetailLoader.GetRatesForRdsbDocument ,122
3/8/2018 10:07:21,ACCT04\paliderd,BEGIN - IES.DataBridge.Common.DataLoader`1[[IES.DataBridge.ModelViews.DocumentDetailModelView, IES.DataBridge, Version=1.0.0.0, Culture=neutral, PublicKeyToken=null]].Save ,0
3/8/2018 10:07:21,ACCT04\paliderd,BEGIN - IES.DataBridge.Common.DataLoader`1[[IES.DataBridge.ModelViews.DocumentDetailModelView, IES.DataBridge, Version=1.0.0.0, Culture=neutral, PublicKeyToken=null]].Upsert ,0
3/8/2018 10:07:21,ACCT04\paliderd,IES.DataBridge.Common.DataLoader`1[[IES.DataBridge.ModelViews.DocumentDetailModelView, IES.DataBridge, Version=1.0.0.0, Culture=neutral, PublicKeyToken=null]].Upsert ,218
3/8/2018 10:07:21,ACCT04\paliderd,BEGIN - IES.DataBridge.Common.DataLoader`1[[IES.DataBridge.ModelViews.RdsbRateCodeXrefModelView, IES.DataBridge, Version=1.0.0.0, Culture=neutral, PublicKeyToken=null]].BulkSave ,0
3/8/2018 10:07:22,ACCT04\paliderd,IES.DataBridge.Common.DataLoader`1[[IES.DataBridge.ModelViews.RdsbRateCodeXrefModelView, IES.DataBridge, Version=1.0.0.0, Culture=neutral, PublicKeyToken=null]].BulkSave ,483
3/8/2018 10:07:22,ACCT04\paliderd,BEGIN - IES.DataBridge.Common.DataLoader`1[[IES.DataBridge.ModelViews.RdsbSectionXrefModelView, IES.DataBridge, Version=1.0.0.0, Culture=neutral, PublicKeyToken=null]].BulkSave ,0
3/8/2018 10:07:22,ACCT04\paliderd,IES.DataBridge.Common.DataLoader`1[[IES.DataBridge.ModelViews.RdsbSectionXrefModelView, IES.DataBridge, Version=1.0.0.0, Culture=neutral, PublicKeyToken=null]].BulkSave ,176
3/8/2018 10:07:22,ACCT04\paliderd,IES.DataBridge.Common.DataLoader`1[[IES.DataBridge.ModelViews.DocumentDetailModelView, IES.DataBridge, Version=1.0.0.0, Culture=neutral, PublicKeyToken=null]].Save ,885
3/8/2018 10:07:22,ACCT04\paliderd,ACTION - Save,8064
3/8/2018 10:07:40,ACCT04\paliderd,BEGIN - IES.DataBridge.Loaders.WhosOnlineLoader.UpdateLastAccessTime ,0
3/8/2018 10:07:40,ACCT04\paliderd,IES.DataBridge.Loaders.WhosOnlineLoader.UpdateLastAccessTime ,232
3/8/2018 10:07:40,ACCT04\paliderd,BEGIN - GenTRAC.DataBridge.DTO.IUserMapper.GetByNtid UserMapper.GetByNtid,0
3/8/2018 10:07:40,ACCT04\paliderd,GenTRAC.DataBridge.DTO.IUserMapper.GetByNtid UserMapper.GetByNtid,0
3/8/2018 10:07:40,ACCT04\paliderd,BEGIN - GenTRAC.DataBridge.DTO.ProposalLoader.GetByIds ProposalLoader.GetByIds,0
3/8/2018 10:07:40,ACCT04\paliderd,GenTRAC.DataBridge.DTO.ProposalLoader.GetByIds ProposalLoader.GetByIds,154
3/8/2018 10:07:41,ACCT04\paliderd,BEGIN - IES.DataBridge.Loaders.RevisionLoader.GetAll ,0
3/8/2018 10:07:41,ACCT04\paliderd,IES.DataBridge.Loaders.RevisionLoader.GetAll ,166
3/8/2018 10:07:41,ACCT04\paliderd,ACTION - Edit,694
3/8/2018 10:07:41,ACCT04\paliderd,BEGIN - IES.DataBridge.Loaders.WhosOnlineLoader.UpdateLastAccessTime ,0
3/8/2018 10:07:42,ACCT04\paliderd,IES.DataBridge.Loaders.WhosOnlineLoader.UpdateLastAccessTime ,278
3/8/2018 10:07:42,ACCT04\paliderd,ACTION - GetSectionsForRevision,940
3/8/2018 10:07:42,ACCT04\paliderd,BEGIN - IES.DataBridge.Loaders.WhosOnlineLoader.UpdateLastAccessTime ,0
3/8/2018 10:07:43,ACCT04\paliderd,IES.DataBridge.Loaders.WhosOnlineLoader.UpdateLastAccessTime ,273
3/8/2018 10:07:43,ACCT04\paliderd,BEGIN - IES.DataBridge.Loaders.RateDetailLoader.GetRatesForRdsbDocument ,0
3/8/2018 10:07:43,ACCT04\paliderd,IES.DataBridge.Loaders.RateDetailLoader.GetRatesForRdsbDocument ,112
3/8/2018 10:07:43,ACCT04\paliderd,ACTION - GetRateCodesForRevision,113
3/8/2018 10:07:54,ACCT04\paliderd,BEGIN - IES.DataBridge.Loaders.WhosOnlineLoader.UpdateLastAccessTime ,0
3/8/2018 10:07:54,ACCT04\paliderd,IES.DataBridge.Loaders.WhosOnlineLoader.UpdateLastAccessTime ,252
3/8/2018 10:07:54,ACCT04\paliderd,BEGIN - GenTRAC.DataBridge.DTO.IUserMapper.GetByNtid UserMapper.GetByNtid,0
3/8/2018 10:07:54,ACCT04\paliderd,GenTRAC.DataBridge.DTO.IUserMapper.GetByNtid UserMapper.GetByNtid,0
3/8/2018 10:07:54,ACCT04\paliderd,BEGIN - IES.DataBridge.Loaders.RevisionLoader.GetAll ,0
3/8/2018 10:07:54,ACCT04\paliderd,IES.DataBridge.Loaders.RevisionLoader.GetAll ,180
3/8/2018 10:07:54,ACCT04\paliderd,BEGIN - IES.DataBridge.Loaders.RateDetailLoader.GetRatesForRdsbDocument ,0
3/8/2018 10:07:54,ACCT04\paliderd,IES.DataBridge.Loaders.RateDetailLoader.GetRatesForRdsbDocument ,107
3/8/2018 10:07:55,ACCT04\paliderd,BEGIN - IES.DataBridge.Common.DataLoader`1[[IES.DataBridge.ModelViews.DocumentDetailModelView, IES.DataBridge, Version=1.0.0.0, Culture=neutral, PublicKeyToken=null]].Save ,0
3/8/2018 10:07:55,ACCT04\paliderd,BEGIN - IES.DataBridge.Common.DataLoader`1[[IES.DataBridge.ModelViews.DocumentDetailModelView, IES.DataBridge, Version=1.0.0.0, Culture=neutral, PublicKeyToken=null]].Upsert ,0
3/8/2018 10:07:55,ACCT04\paliderd,IES.DataBridge.Common.DataLoader`1[[IES.DataBridge.ModelViews.DocumentDetailModelView, IES.DataBridge, Version=1.0.0.0, Culture=neutral, PublicKeyToken=null]].Upsert ,189
3/8/2018 10:07:55,ACCT04\paliderd,BEGIN - IES.DataBridge.Common.DataLoader`1[[IES.DataBridge.ModelViews.RdsbRateCodeXrefModelView, IES.DataBridge, Version=1.0.0.0, Culture=neutral, PublicKeyToken=null]].BulkSave ,0
3/8/2018 10:07:56,ACCT04\paliderd,IES.DataBridge.Common.DataLoader`1[[IES.DataBridge.ModelViews.RdsbRateCodeXrefModelView, IES.DataBridge, Version=1.0.0.0, Culture=neutral, PublicKeyToken=null]].BulkSave ,122
3/8/2018 10:07:56,ACCT04\paliderd,BEGIN - IES.DataBridge.Common.DataLoader`1[[IES.DataBridge.ModelViews.RdsbSectionXrefModelView, IES.DataBridge, Version=1.0.0.0, Culture=neutral, PublicKeyToken=null]].BulkSave ,0
3/8/2018 10:07:56,ACCT04\paliderd,IES.DataBridge.Common.DataLoader`1[[IES.DataBridge.ModelViews.RdsbSectionXrefModelView, IES.DataBridge, Version=1.0.0.0, Culture=neutral, PublicKeyToken=null]].BulkSave ,114
3/8/2018 10:07:56,ACCT04\paliderd,IES.DataBridge.Common.DataLoader`1[[IES.DataBridge.ModelViews.DocumentDetailModelView, IES.DataBridge, Version=1.0.0.0, Culture=neutral, PublicKeyToken=null]].Save ,426
3/8/2018 10:07:56,ACCT04\paliderd,ACTION - Save,1942
3/8/2018 10:09:51,ACCT04\paliderd,BEGIN - IES.DataBridge.Loaders.WhosOnlineLoader.UpdateLastAccessTime ,0
3/8/2018 10:09:51,ACCT04\paliderd,IES.DataBridge.Loaders.WhosOnlineLoader.UpdateLastAccessTime ,227
3/8/2018 10:09:51,ACCT04\paliderd,BEGIN - GenTRAC.DataBridge.DTO.IUserMapper.GetByNtid UserMapper.GetByNtid,0
3/8/2018 10:09:51,ACCT04\paliderd,BEGIN - GenTRAC.DataBridge.DTO.UserLoader.UserExists UserLoader.UserExists,0
3/8/2018 10:09:51,ACCT04\paliderd,GenTRAC.DataBridge.DTO.UserLoader.UserExists UserLoader.UserExists,97
3/8/2018 10:09:51,ACCT04\paliderd,GenTRAC.DataBridge.DTO.IUserMapper.GetByNtid UserMapper.GetByNtid,97
3/8/2018 10:09:51,ACCT04\paliderd,BEGIN - GenTRAC.DataBridge.DTO.ProposalLoader.GetByIds ProposalLoader.GetByIds,0
3/8/2018 10:09:52,ACCT04\paliderd,GenTRAC.DataBridge.DTO.ProposalLoader.GetByIds ProposalLoader.GetByIds,153
3/8/2018 10:09:52,ACCT04\paliderd,BEGIN - IES.DataBridge.Loaders.RevisionLoader.GetAll ,0
3/8/2018 10:09:52,ACCT04\paliderd,IES.DataBridge.Loaders.RevisionLoader.GetAll ,175
3/8/2018 10:09:52,ACCT04\paliderd,ACTION - Edit,790
3/8/2018 10:09:53,ACCT04\paliderd,BEGIN - IES.DataBridge.Loaders.WhosOnlineLoader.UpdateLastAccessTime ,0
3/8/2018 10:09:53,ACCT04\paliderd,IES.DataBridge.Loaders.WhosOnlineLoader.UpdateLastAccessTime ,286
3/8/2018 10:09:54,ACCT04\paliderd,ACTION - GetSectionsForRevision,1186
3/8/2018 10:09:54,ACCT04\paliderd,BEGIN - IES.DataBridge.Loaders.WhosOnlineLoader.UpdateLastAccessTime ,0
3/8/2018 10:09:54,ACCT04\paliderd,IES.DataBridge.Loaders.WhosOnlineLoader.UpdateLastAccessTime ,361
3/8/2018 10:09:54,ACCT04\paliderd,BEGIN - IES.DataBridge.Loaders.RateDetailLoader.GetRatesForRdsbDocument ,0
3/8/2018 10:09:55,ACCT04\paliderd,IES.DataBridge.Loaders.RateDetailLoader.GetRatesForRdsbDocument ,116
3/8/2018 10:09:55,ACCT04\paliderd,ACTION - GetRateCodesForRevision,116
3/8/2018 10:09:59,ACCT04\paliderd,BEGIN - IES.DataBridge.Loaders.WhosOnlineLoader.UpdateLastAccessTime ,0
3/8/2018 10:09:59,ACCT04\paliderd,IES.DataBridge.Loaders.WhosOnlineLoader.UpdateLastAccessTime ,331
3/8/2018 10:09:59,ACCT04\paliderd,BEGIN - GenTRAC.DataBridge.DTO.IUserMapper.GetByNtid UserMapper.GetByNtid,0
3/8/2018 10:09:59,ACCT04\paliderd,GenTRAC.DataBridge.DTO.IUserMapper.GetByNtid UserMapper.GetByNtid,0
3/8/2018 10:09:59,ACCT04\paliderd,BEGIN - GenTRAC.DataBridge.DTO.ProposalLoader.GetByIds ProposalLoader.GetByIds,0
3/8/2018 10:10:00,ACCT04\paliderd,GenTRAC.DataBridge.DTO.ProposalLoader.GetByIds ProposalLoader.GetByIds,172
3/8/2018 10:10:00,ACCT04\paliderd,BEGIN - IES.DataBridge.Loaders.RevisionLoader.GetAll ,0
3/8/2018 10:10:00,ACCT04\paliderd,IES.DataBridge.Loaders.RevisionLoader.GetAll ,230
3/8/2018 10:10:00,ACCT04\paliderd,BEGIN - IES.DataBridge.Loaders.RevisionLoader.GetAll ,0
3/8/2018 10:10:00,ACCT04\paliderd,IES.DataBridge.Loaders.RevisionLoader.GetAll ,251
3/8/2018 10:10:01,ACCT04\paliderd,BEGIN - IES.DataBridge.Loaders.RateDetailLoader.GetRates ,0
3/8/2018 10:10:08,ACCT04\paliderd,IES.DataBridge.Loaders.RateDetailLoader.GetRates ,6572
3/8/2018 10:10:08,ACCT04\paliderd,BEGIN - IES.DataBridge.Common.DataLoader`1[[IES.DataBridge.ModelViews.FileAttachmentRowModelView, IES.DataBridge, Version=1.0.0.0, Culture=neutral, PublicKeyToken=null]].GetByRevision ,0
3/8/2018 10:10:08,ACCT04\paliderd,IES.DataBridge.Common.DataLoader`1[[IES.DataBridge.ModelViews.FileAttachmentRowModelView, IES.DataBridge, Version=1.0.0.0, Culture=neutral, PublicKeyToken=null]].GetByRevision ,176
3/8/2018 10:10:09,ACCT04\paliderd,ACTION - Publish,10017
3/8/2018 10:10:23,ACCT04\paliderd,BEGIN - IES.DataBridge.Loaders.WhosOnlineLoader.UpdateLastAccessTime ,0
3/8/2018 10:10:23,ACCT04\paliderd,IES.DataBridge.Loaders.WhosOnlineLoader.UpdateLastAccessTime ,335
3/8/2018 10:10:23,ACCT04\paliderd,BEGIN - GenTRAC.DataBridge.DTO.IUserMapper.GetByNtid UserMapper.GetByNtid,0
3/8/2018 10:10:23,ACCT04\paliderd,GenTRAC.DataBridge.DTO.IUserMapper.GetByNtid UserMapper.GetByNtid,0
3/8/2018 10:10:23,ACCT04\paliderd,BEGIN - IES.DataBridge.Loaders.RevisionLoader.GetAll ,0
3/8/2018 10:10:23,ACCT04\paliderd,IES.DataBridge.Loaders.RevisionLoader.GetAll ,192
3/8/2018 10:10:23,ACCT04\paliderd,BEGIN - IES.DataBridge.Loaders.RateDetailLoader.GetRatesForRdsbDocument ,0
3/8/2018 10:10:23,ACCT04\paliderd,IES.DataBridge.Loaders.RateDetailLoader.GetRatesForRdsbDocument ,115
3/8/2018 10:10:24,ACCT04\paliderd,BEGIN - IES.DataBridge.Common.DataLoader`1[[IES.DataBridge.ModelViews.DocumentDetailModelView, IES.DataBridge, Version=1.0.0.0, Culture=neutral, PublicKeyToken=null]].Save ,0
3/8/2018 10:10:24,ACCT04\paliderd,BEGIN - IES.DataBridge.Common.DataLoader`1[[IES.DataBridge.ModelViews.DocumentDetailModelView, IES.DataBridge, Version=1.0.0.0, Culture=neutral, PublicKeyToken=null]].Upsert ,0
3/8/2018 10:10:25,ACCT04\paliderd,IES.DataBridge.Common.DataLoader`1[[IES.DataBridge.ModelViews.DocumentDetailModelView, IES.DataBridge, Version=1.0.0.0, Culture=neutral, PublicKeyToken=null]].Upsert ,166
3/8/2018 10:10:25,ACCT04\paliderd,BEGIN - IES.DataBridge.Common.DataLoader`1[[IES.DataBridge.ModelViews.RdsbRateCodeXrefModelView, IES.DataBridge, Version=1.0.0.0, Culture=neutral, PublicKeyToken=null]].BulkSave ,0
3/8/2018 10:10:25,ACCT04\paliderd,IES.DataBridge.Common.DataLoader`1[[IES.DataBridge.ModelViews.RdsbRateCodeXrefModelView, IES.DataBridge, Version=1.0.0.0, Culture=neutral, PublicKeyToken=null]].BulkSave ,97
3/8/2018 10:10:25,ACCT04\paliderd,BEGIN - IES.DataBridge.Common.DataLoader`1[[IES.DataBridge.ModelViews.RdsbSectionXrefModelView, IES.DataBridge, Version=1.0.0.0, Culture=neutral, PublicKeyToken=null]].BulkSave ,0
3/8/2018 10:10:25,ACCT04\paliderd,IES.DataBridge.Common.DataLoader`1[[IES.DataBridge.ModelViews.RdsbSectionXrefModelView, IES.DataBridge, Version=1.0.0.0, Culture=neutral, PublicKeyToken=null]].BulkSave ,146
3/8/2018 10:10:25,ACCT04\paliderd,IES.DataBridge.Common.DataLoader`1[[IES.DataBridge.ModelViews.DocumentDetailModelView, IES.DataBridge, Version=1.0.0.0, Culture=neutral, PublicKeyToken=null]].Save ,411
3/8/2018 10:10:25,ACCT04\paliderd,ACTION - Save,1993
3/8/2018 10:10:25,ACCT04\paliderd,BEGIN - IES.DataBridge.Loaders.WhosOnlineLoader.UpdateLastAccessTime ,0
3/8/2018 10:10:25,ACCT04\paliderd,IES.DataBridge.Loaders.WhosOnlineLoader.UpdateLastAccessTime ,223
3/8/2018 10:10:25,ACCT04\paliderd,BEGIN - GenTRAC.DataBridge.DTO.IUserMapper.GetByNtid UserMapper.GetByNtid,0
3/8/2018 10:10:25,ACCT04\paliderd,GenTRAC.DataBridge.DTO.IUserMapper.GetByNtid UserMapper.GetByNtid,0
3/8/2018 10:10:25,ACCT04\paliderd,BEGIN - GenTRAC.DataBridge.DTO.ProposalLoader.GetAllSlim ProposalLoader.GetAllSlim,0
3/8/2018 10:10:25,ACCT04\paliderd,GenTRAC.DataBridge.DTO.ProposalLoader.GetAllSlim ProposalLoader.GetAllSlim,250
3/8/2018 10:10:25,ACCT04\paliderd,BEGIN - IES.DataBridge.Loaders.RevisionLoader.GetAll ,0
3/8/2018 10:10:26,ACCT04\paliderd,IES.DataBridge.Loaders.RevisionLoader.GetAll ,172
3/8/2018 10:10:26,ACCT04\paliderd,ACTION - Index,920
3/8/2018 10:10:26,ACCT04\paliderd,BEGIN - IES.DataBridge.Loaders.WhosOnlineLoader.UpdateLastAccessTime ,0
3/8/2018 10:10:27,ACCT04\paliderd,IES.DataBridge.Loaders.WhosOnlineLoader.UpdateLastAccessTime ,260
3/8/2018 10:10:27,ACCT04\paliderd,ACTION - CanViewWhosOnline,0
3/8/2018 10:11:38,ACCT04\paliderd,BEGIN - IES.DataBridge.Loaders.WhosOnlineLoader.UpdateLastAccessTime ,0
3/8/2018 10:11:38,ACCT04\paliderd,IES.DataBridge.Loaders.WhosOnlineLoader.UpdateLastAccessTime ,234
3/8/2018 10:11:38,ACCT04\paliderd,BEGIN - GenTRAC.DataBridge.DTO.IUserMapper.GetByNtid UserMapper.GetByNtid,0
3/8/2018 10:11:38,ACCT04\paliderd,BEGIN - GenTRAC.DataBridge.DTO.UserLoader.UserExists UserLoader.UserExists,0
3/8/2018 10:11:39,ACCT04\paliderd,GenTRAC.DataBridge.DTO.UserLoader.UserExists UserLoader.UserExists,92
3/8/2018 10:11:39,ACCT04\paliderd,GenTRAC.DataBridge.DTO.IUserMapper.GetByNtid UserMapper.GetByNtid,93
3/8/2018 10:11:39,ACCT04\paliderd,BEGIN - GenTRAC.DataBridge.DTO.ProposalLoader.GetAllSlim ProposalLoader.GetAllSlim,0
3/8/2018 10:11:39,ACCT04\paliderd,GenTRAC.DataBridge.DTO.ProposalLoader.GetAllSlim ProposalLoader.GetAllSlim,251
3/8/2018 10:11:39,ACCT04\paliderd,BEGIN - IES.DataBridge.Loaders.RevisionLoader.GetAll ,0
3/8/2018 10:11:39,ACCT04\paliderd,IES.DataBridge.Loaders.RevisionLoader.GetAll ,158
3/8/2018 10:11:40,ACCT04\paliderd,ACTION - Index,1227
3/8/2018 10:11:42,ACCT04\paliderd,BEGIN - IES.DataBridge.Loaders.WhosOnlineLoader.UpdateLastAccessTime ,0
3/8/2018 10:11:42,ACCT04\paliderd,IES.DataBridge.Loaders.WhosOnlineLoader.UpdateLastAccessTime ,271
3/8/2018 10:11:42,ACCT04\paliderd,ACTION - CanViewWhosOnline,0
3/8/2018 10:12:10,ACCT04\paliderd,BEGIN - IES.DataBridge.Loaders.WhosOnlineLoader.UpdateLastAccessTime ,0
3/8/2018 10:12:10,ACCT04\paliderd,IES.DataBridge.Loaders.WhosOnlineLoader.UpdateLastAccessTime ,274
3/8/2018 10:12:10,ACCT04\paliderd,BEGIN - GenTRAC.DataBridge.DTO.IUserMapper.GetByNtid UserMapper.GetByNtid,0
3/8/2018 10:12:10,ACCT04\paliderd,BEGIN - GenTRAC.DataBridge.DTO.UserLoader.UserExists UserLoader.UserExists,0
3/8/2018 10:12:11,ACCT04\paliderd,GenTRAC.DataBridge.DTO.UserLoader.UserExists UserLoader.UserExists,108
3/8/2018 10:12:11,ACCT04\paliderd,GenTRAC.DataBridge.DTO.IUserMapper.GetByNtid UserMapper.GetByNtid,108
3/8/2018 10:12:11,ACCT04\paliderd,BEGIN - GenTRAC.DataBridge.DTO.ProposalLoader.GetByIds ProposalLoader.GetByIds,0
3/8/2018 10:12:11,ACCT04\paliderd,GenTRAC.DataBridge.DTO.ProposalLoader.GetByIds ProposalLoader.GetByIds,146
3/8/2018 10:12:11,ACCT04\paliderd,BEGIN - IES.DataBridge.Loaders.RevisionLoader.GetAll ,0
3/8/2018 10:12:11,ACCT04\paliderd,IES.DataBridge.Loaders.RevisionLoader.GetAll ,198
3/8/2018 10:12:11,ACCT04\paliderd,ACTION - Edit,834
3/8/2018 10:12:12,ACCT04\paliderd,BEGIN - IES.DataBridge.Loaders.WhosOnlineLoader.UpdateLastAccessTime ,0
3/8/2018 10:12:12,ACCT04\paliderd,IES.DataBridge.Loaders.WhosOnlineLoader.UpdateLastAccessTime ,299
3/8/2018 10:12:13,ACCT04\paliderd,ACTION - GetSectionsForRevision,926
3/8/2018 10:12:13,ACCT04\paliderd,BEGIN - IES.DataBridge.Loaders.WhosOnlineLoader.UpdateLastAccessTime ,0
3/8/2018 10:12:13,ACCT04\paliderd,IES.DataBridge.Loaders.WhosOnlineLoader.UpdateLastAccessTime ,279
3/8/2018 10:12:13,ACCT04\paliderd,BEGIN - IES.DataBridge.Loaders.RateDetailLoader.GetRatesForRdsbDocument ,0
3/8/2018 10:12:13,ACCT04\paliderd,IES.DataBridge.Loaders.RateDetailLoader.GetRatesForRdsbDocument ,123
3/8/2018 10:12:13,ACCT04\paliderd,ACTION - GetRateCodesForRevision,123
3/8/2018 10:12:18,ACCT04\paliderd,BEGIN - IES.DataBridge.Loaders.WhosOnlineLoader.UpdateLastAccessTime ,0
3/8/2018 10:12:19,ACCT04\paliderd,IES.DataBridge.Loaders.WhosOnlineLoader.UpdateLastAccessTime ,289
3/8/2018 10:12:19,ACCT04\paliderd,BEGIN - GenTRAC.DataBridge.DTO.IUserMapper.GetByNtid UserMapper.GetByNtid,0
3/8/2018 10:12:19,ACCT04\paliderd,GenTRAC.DataBridge.DTO.IUserMapper.GetByNtid UserMapper.GetByNtid,0
3/8/2018 10:12:19,ACCT04\paliderd,BEGIN - IES.DataBridge.Loaders.RevisionLoader.GetAll ,0
3/8/2018 10:12:19,ACCT04\paliderd,IES.DataBridge.Loaders.RevisionLoader.GetAll ,196
3/8/2018 10:12:19,ACCT04\paliderd,BEGIN - IES.DataBridge.Loaders.RateDetailLoader.GetRatesForRdsbDocument ,0
3/8/2018 10:12:19,ACCT04\paliderd,IES.DataBridge.Loaders.RateDetailLoader.GetRatesForRdsbDocument ,123
3/8/2018 10:12:20,ACCT04\paliderd,BEGIN - IES.DataBridge.Common.DataLoader`1[[IES.DataBridge.ModelViews.DocumentDetailModelView, IES.DataBridge, Version=1.0.0.0, Culture=neutral, PublicKeyToken=null]].Save ,0
3/8/2018 10:12:20,ACCT04\paliderd,BEGIN - IES.DataBridge.Common.DataLoader`1[[IES.DataBridge.ModelViews.DocumentDetailModelView, IES.DataBridge, Version=1.0.0.0, Culture=neutral, PublicKeyToken=null]].Upsert ,0
3/8/2018 10:12:20,ACCT04\paliderd,IES.DataBridge.Common.DataLoader`1[[IES.DataBridge.ModelViews.DocumentDetailModelView, IES.DataBridge, Version=1.0.0.0, Culture=neutral, PublicKeyToken=null]].Upsert ,172
3/8/2018 10:12:20,ACCT04\paliderd,BEGIN - IES.DataBridge.Common.DataLoader`1[[IES.DataBridge.ModelViews.RdsbRateCodeXrefModelView, IES.DataBridge, Version=1.0.0.0, Culture=neutral, PublicKeyToken=null]].BulkSave ,0
3/8/2018 10:12:20,ACCT04\paliderd,IES.DataBridge.Common.DataLoader`1[[IES.DataBridge.ModelViews.RdsbRateCodeXrefModelView, IES.DataBridge, Version=1.0.0.0, Culture=neutral, PublicKeyToken=null]].BulkSave ,105
3/8/2018 10:12:20,ACCT04\paliderd,BEGIN - IES.DataBridge.Common.DataLoader`1[[IES.DataBridge.ModelViews.RdsbSectionXrefModelView, IES.DataBridge, Version=1.0.0.0, Culture=neutral, PublicKeyToken=null]].BulkSave ,0
3/8/2018 10:12:20,ACCT04\paliderd,IES.DataBridge.Common.DataLoader`1[[IES.DataBridge.ModelViews.RdsbSectionXrefModelView, IES.DataBridge, Version=1.0.0.0, Culture=neutral, PublicKeyToken=null]].BulkSave ,108
3/8/2018 10:12:20,ACCT04\paliderd,IES.DataBridge.Common.DataLoader`1[[IES.DataBridge.ModelViews.DocumentDetailModelView, IES.DataBridge, Version=1.0.0.0, Culture=neutral, PublicKeyToken=null]].Save ,386
3/8/2018 10:12:21,ACCT04\paliderd,ACTION - Save,2072
3/8/2018 10:12:21,ACCT04\paliderd,BEGIN - IES.DataBridge.Loaders.WhosOnlineLoader.UpdateLastAccessTime ,0
3/8/2018 10:12:21,ACCT04\paliderd,IES.DataBridge.Loaders.WhosOnlineLoader.UpdateLastAccessTime ,252
3/8/2018 10:12:21,ACCT04\paliderd,BEGIN - GenTRAC.DataBridge.DTO.IUserMapper.GetByNtid UserMapper.GetByNtid,0
3/8/2018 10:12:21,ACCT04\paliderd,GenTRAC.DataBridge.DTO.IUserMapper.GetByNtid UserMapper.GetByNtid,0
3/8/2018 10:12:21,ACCT04\paliderd,BEGIN - GenTRAC.DataBridge.DTO.ProposalLoader.GetAllSlim ProposalLoader.GetAllSlim,0
3/8/2018 10:12:21,ACCT04\paliderd,GenTRAC.DataBridge.DTO.ProposalLoader.GetAllSlim ProposalLoader.GetAllSlim,283
3/8/2018 10:12:21,ACCT04\paliderd,BEGIN - IES.DataBridge.Loaders.RevisionLoader.GetAll ,0
3/8/2018 10:12:21,ACCT04\paliderd,IES.DataBridge.Loaders.RevisionLoader.GetAll ,183
3/8/2018 10:12:22,ACCT04\paliderd,ACTION - Index,954
3/8/2018 10:12:22,ACCT04\paliderd,BEGIN - IES.DataBridge.Loaders.WhosOnlineLoader.UpdateLastAccessTime ,0
3/8/2018 10:12:22,ACCT04\paliderd,IES.DataBridge.Loaders.WhosOnlineLoader.UpdateLastAccessTime ,268
3/8/2018 10:12:22,ACCT04\paliderd,ACTION - CanViewWhosOnline,0
3/8/2018 10:12:49,ACCT04\paliderd,BEGIN - IES.DataBridge.Loaders.WhosOnlineLoader.UpdateLastAccessTime ,0
3/8/2018 10:12:49,ACCT04\paliderd,IES.DataBridge.Loaders.WhosOnlineLoader.UpdateLastAccessTime ,220
3/8/2018 10:12:49,ACCT04\paliderd,BEGIN - GenTRAC.DataBridge.DTO.IUserMapper.GetByNtid UserMapper.GetByNtid,0
3/8/2018 10:12:49,ACCT04\paliderd,GenTRAC.DataBridge.DTO.IUserMapper.GetByNtid UserMapper.GetByNtid,0
3/8/2018 10:12:50,ACCT04\paliderd,BEGIN - GenTRAC.DataBridge.DTO.ProposalLoader.GetAllSlim ProposalLoader.GetAllSlim,0
3/8/2018 10:12:50,ACCT04\paliderd,GenTRAC.DataBridge.DTO.ProposalLoader.GetAllSlim ProposalLoader.GetAllSlim,242
3/8/2018 10:12:50,ACCT04\paliderd,BEGIN - IES.DataBridge.Loaders.RevisionLoader.GetAll ,0
3/8/2018 10:12:50,ACCT04\paliderd,IES.DataBridge.Loaders.RevisionLoader.GetAll ,165
3/8/2018 10:12:51,ACCT04\paliderd,ACTION - Index,1140
3/8/2018 10:12:53,ACCT04\paliderd,BEGIN - IES.DataBridge.Loaders.WhosOnlineLoader.UpdateLastAccessTime ,0
3/8/2018 10:12:53,ACCT04\paliderd,IES.DataBridge.Loaders.WhosOnlineLoader.UpdateLastAccessTime ,245
3/8/2018 10:12:53,ACCT04\paliderd,ACTION - CanViewWhosOnline,0
3/8/2018 10:12:55,ACCT04\paliderd,BEGIN - IES.DataBridge.Loaders.WhosOnlineLoader.UpdateLastAccessTime ,0
3/8/2018 10:12:55,ACCT04\paliderd,IES.DataBridge.Loaders.WhosOnlineLoader.UpdateLastAccessTime ,229
3/8/2018 10:12:55,ACCT04\paliderd,BEGIN - GenTRAC.DataBridge.DTO.IUserMapper.GetByNtid UserMapper.GetByNtid,0
3/8/2018 10:12:55,ACCT04\paliderd,GenTRAC.DataBridge.DTO.IUserMapper.GetByNtid UserMapper.GetByNtid,0
3/8/2018 10:12:56,ACCT04\paliderd,BEGIN - GenTRAC.DataBridge.DTO.ProposalLoader.GetByIds ProposalLoader.GetByIds,0
3/8/2018 10:12:56,ACCT04\paliderd,GenTRAC.DataBridge.DTO.ProposalLoader.GetByIds ProposalLoader.GetByIds,125
3/8/2018 10:12:56,ACCT04\paliderd,BEGIN - IES.DataBridge.Loaders.RevisionLoader.GetAll ,0
3/8/2018 10:12:56,ACCT04\paliderd,IES.DataBridge.Loaders.RevisionLoader.GetAll ,179
3/8/2018 10:12:56,ACCT04\paliderd,ACTION - Edit,666
3/8/2018 10:12:56,ACCT04\paliderd,BEGIN - IES.DataBridge.Loaders.WhosOnlineLoader.UpdateLastAccessTime ,0
3/8/2018 10:12:57,ACCT04\paliderd,IES.DataBridge.Loaders.WhosOnlineLoader.UpdateLastAccessTime ,254
3/8/2018 10:12:57,ACCT04\paliderd,ACTION - GetSectionsForRevision,817
3/8/2018 10:12:58,ACCT04\paliderd,BEGIN - IES.DataBridge.Loaders.WhosOnlineLoader.UpdateLastAccessTime ,0
3/8/2018 10:12:58,ACCT04\paliderd,IES.DataBridge.Loaders.WhosOnlineLoader.UpdateLastAccessTime ,237
3/8/2018 10:12:58,ACCT04\paliderd,BEGIN - IES.DataBridge.Loaders.RateDetailLoader.GetRatesForRdsbDocument ,0
3/8/2018 10:12:58,ACCT04\paliderd,IES.DataBridge.Loaders.RateDetailLoader.GetRatesForRdsbDocument ,117
3/8/2018 10:12:58,ACCT04\paliderd,ACTION - GetRateCodesForRevision,118
3/8/2018 10:13:18,ACCT04\paliderd,BEGIN - IES.DataBridge.Loaders.WhosOnlineLoader.UpdateLastAccessTime ,0
3/8/2018 10:13:19,ACCT04\paliderd,IES.DataBridge.Loaders.WhosOnlineLoader.UpdateLastAccessTime ,560
3/8/2018 10:13:19,ACCT04\paliderd,BEGIN - GenTRAC.DataBridge.DTO.IUserMapper.GetByNtid UserMapper.GetByNtid,0
3/8/2018 10:13:19,ACCT04\paliderd,GenTRAC.DataBridge.DTO.IUserMapper.GetByNtid UserMapper.GetByNtid,0
3/8/2018 10:13:19,ACCT04\paliderd,BEGIN - IES.DataBridge.Loaders.RevisionLoader.GetAll ,0
3/8/2018 10:13:19,ACCT04\paliderd,IES.DataBridge.Loaders.RevisionLoader.GetAll ,549
3/8/2018 10:13:19,ACCT04\paliderd,BEGIN - IES.DataBridge.Loaders.RateDetailLoader.GetRatesForRdsbDocument ,0
3/8/2018 10:13:20,ACCT04\paliderd,IES.DataBridge.Loaders.RateDetailLoader.GetRatesForRdsbDocument ,102
3/8/2018 10:13:20,ACCT04\paliderd,BEGIN - IES.DataBridge.Common.DataLoader`1[[IES.DataBridge.ModelViews.DocumentDetailModelView, IES.DataBridge, Version=1.0.0.0, Culture=neutral, PublicKeyToken=null]].Save ,0
3/8/2018 10:13:20,ACCT04\paliderd,BEGIN - IES.DataBridge.Common.DataLoader`1[[IES.DataBridge.ModelViews.DocumentDetailModelView, IES.DataBridge, Version=1.0.0.0, Culture=neutral, PublicKeyToken=null]].Upsert ,0
3/8/2018 10:13:20,ACCT04\paliderd,IES.DataBridge.Common.DataLoader`1[[IES.DataBridge.ModelViews.DocumentDetailModelView, IES.DataBridge, Version=1.0.0.0, Culture=neutral, PublicKeyToken=null]].Upsert ,170
3/8/2018 10:13:20,ACCT04\paliderd,BEGIN - IES.DataBridge.Common.DataLoader`1[[IES.DataBridge.ModelViews.RdsbRateCodeXrefModelView, IES.DataBridge, Version=1.0.0.0, Culture=neutral, PublicKeyToken=null]].BulkSave ,0
3/8/2018 10:13:21,ACCT04\paliderd,IES.DataBridge.Common.DataLoader`1[[IES.DataBridge.ModelViews.RdsbRateCodeXrefModelView, IES.DataBridge, Version=1.0.0.0, Culture=neutral, PublicKeyToken=null]].BulkSave ,104
3/8/2018 10:13:21,ACCT04\paliderd,BEGIN - IES.DataBridge.Common.DataLoader`1[[IES.DataBridge.ModelViews.RdsbSectionXrefModelView, IES.DataBridge, Version=1.0.0.0, Culture=neutral, PublicKeyToken=null]].BulkSave ,0
3/8/2018 10:13:21,ACCT04\paliderd,IES.DataBridge.Common.DataLoader`1[[IES.DataBridge.ModelViews.RdsbSectionXrefModelView, IES.DataBridge, Version=1.0.0.0, Culture=neutral, PublicKeyToken=null]].BulkSave ,100
3/8/2018 10:13:21,ACCT04\paliderd,IES.DataBridge.Common.DataLoader`1[[IES.DataBridge.ModelViews.DocumentDetailModelView, IES.DataBridge, Version=1.0.0.0, Culture=neutral, PublicKeyToken=null]].Save ,375
3/8/2018 10:13:21,ACCT04\paliderd,ACTION - Save,2179
3/8/2018 10:13:21,ACCT04\paliderd,BEGIN - IES.DataBridge.Loaders.WhosOnlineLoader.UpdateLastAccessTime ,0
3/8/2018 10:13:21,ACCT04\paliderd,IES.DataBridge.Loaders.WhosOnlineLoader.UpdateLastAccessTime ,234
3/8/2018 10:13:21,ACCT04\paliderd,BEGIN - GenTRAC.DataBridge.DTO.IUserMapper.GetByNtid UserMapper.GetByNtid,0
3/8/2018 10:13:21,ACCT04\paliderd,GenTRAC.DataBridge.DTO.IUserMapper.GetByNtid UserMapper.GetByNtid,0
3/8/2018 10:13:21,ACCT04\paliderd,BEGIN - GenTRAC.DataBridge.DTO.ProposalLoader.GetAllSlim ProposalLoader.GetAllSlim,0
3/8/2018 10:13:21,ACCT04\paliderd,GenTRAC.DataBridge.DTO.ProposalLoader.GetAllSlim ProposalLoader.GetAllSlim,332
3/8/2018 10:13:21,ACCT04\paliderd,BEGIN - IES.DataBridge.Loaders.RevisionLoader.GetAll ,0
3/8/2018 10:13:22,ACCT04\paliderd,IES.DataBridge.Loaders.RevisionLoader.GetAll ,232
3/8/2018 10:13:22,ACCT04\paliderd,ACTION - Index,1044
3/8/2018 10:13:22,ACCT04\paliderd,BEGIN - IES.DataBridge.Loaders.WhosOnlineLoader.UpdateLastAccessTime ,0
3/8/2018 10:13:23,ACCT04\paliderd,IES.DataBridge.Loaders.WhosOnlineLoader.UpdateLastAccessTime ,273
3/8/2018 10:13:23,ACCT04\paliderd,ACTION - CanViewWhosOnline,0
3/8/2018 10:21:02,ACCT04\paliderd,BEGIN - IES.DataBridge.Loaders.WhosOnlineLoader.UpdateLastAccessTime ,0
3/8/2018 10:21:03,ACCT04\paliderd,IES.DataBridge.Loaders.WhosOnlineLoader.UpdateLastAccessTime ,921
3/8/2018 10:21:03,ACCT04\paliderd,BEGIN - GenTRAC.DataBridge.DTO.IUserMapper.GetByNtid UserMapper.GetByNtid,0
3/8/2018 10:21:03,ACCT04\paliderd,BEGIN - GenTRAC.DataBridge.DTO.UserLoader.UserExists UserLoader.UserExists,0
3/8/2018 10:21:04,ACCT04\paliderd,GenTRAC.DataBridge.DTO.UserLoader.UserExists UserLoader.UserExists,463
3/8/2018 10:21:04,ACCT04\paliderd,GenTRAC.DataBridge.DTO.IUserMapper.GetByNtid UserMapper.GetByNtid,463
3/8/2018 10:21:04,ACCT04\paliderd,BEGIN - GenTRAC.DataBridge.DTO.ProposalLoader.GetByIds ProposalLoader.GetByIds,0
3/8/2018 10:21:04,ACCT04\paliderd,GenTRAC.DataBridge.DTO.ProposalLoader.GetByIds ProposalLoader.GetByIds,127
3/8/2018 10:21:05,ACCT04\paliderd,BEGIN - IES.DataBridge.Loaders.RevisionLoader.GetAll ,0
3/8/2018 10:21:05,ACCT04\paliderd,IES.DataBridge.Loaders.RevisionLoader.GetAll ,273
3/8/2018 10:21:05,ACCT04\paliderd,BEGIN - IES.DataBridge.Loaders.RevisionLoader.GetAll ,0
3/8/2018 10:21:05,ACCT04\paliderd,IES.DataBridge.Loaders.RevisionLoader.GetAll ,159
3/8/2018 10:21:06,ACCT04\paliderd,BEGIN - IES.DataBridge.Loaders.RateDetailLoader.GetRates ,0
3/8/2018 10:21:10,ACCT04\paliderd,BEGIN - IES.DataBridge.Loaders.WhosOnlineLoader.UpdateLastAccessTime ,0
3/8/2018 10:21:11,ACCT04\paliderd,IES.DataBridge.Loaders.WhosOnlineLoader.UpdateLastAccessTime ,542
3/8/2018 10:21:11,ACCT04\paliderd,BEGIN - GenTRAC.DataBridge.DTO.IUserMapper.GetByNtid UserMapper.GetByNtid,0
3/8/2018 10:21:11,ACCT04\paliderd,GenTRAC.DataBridge.DTO.IUserMapper.GetByNtid UserMapper.GetByNtid,0
3/8/2018 10:21:11,ACCT04\paliderd,BEGIN - GenTRAC.DataBridge.DTO.ProposalLoader.GetByIds ProposalLoader.GetByIds,0
3/8/2018 10:21:11,ACCT04\paliderd,GenTRAC.DataBridge.DTO.ProposalLoader.GetByIds ProposalLoader.GetByIds,158
3/8/2018 10:21:11,ACCT04\paliderd,BEGIN - IES.DataBridge.Loaders.RevisionLoader.GetAll ,0
3/8/2018 10:21:12,ACCT04\paliderd,IES.DataBridge.Loaders.RevisionLoader.GetAll ,254
3/8/2018 10:21:12,ACCT04\paliderd,ACTION - Edit,771
3/8/2018 10:21:12,ACCT04\paliderd,IES.DataBridge.Loaders.RateDetailLoader.GetRates ,5985
3/8/2018 10:21:12,ACCT04\paliderd,BEGIN - IES.DataBridge.Common.DataLoader`1[[IES.DataBridge.ModelViews.FileAttachmentRowModelView, IES.DataBridge, Version=1.0.0.0, Culture=neutral, PublicKeyToken=null]].GetByRevision ,0
3/8/2018 10:21:12,ACCT04\paliderd,IES.DataBridge.Common.DataLoader`1[[IES.DataBridge.ModelViews.FileAttachmentRowModelView, IES.DataBridge, Version=1.0.0.0, Culture=neutral, PublicKeyToken=null]].GetByRevision ,94
3/8/2018 10:21:12,ACCT04\paliderd,ACTION - Publish,9140
3/8/2018 10:21:15,ACCT04\paliderd,BEGIN - IES.DataBridge.Loaders.WhosOnlineLoader.UpdateLastAccessTime ,0
3/8/2018 10:21:15,ACCT04\paliderd,IES.DataBridge.Loaders.WhosOnlineLoader.UpdateLastAccessTime ,240
3/8/2018 10:21:16,ACCT04\paliderd,ACTION - GetSectionsForRevision,887
3/8/2018 10:21:16,ACCT04\paliderd,BEGIN - IES.DataBridge.Loaders.WhosOnlineLoader.UpdateLastAccessTime ,0
3/8/2018 10:21:16,ACCT04\paliderd,IES.DataBridge.Loaders.WhosOnlineLoader.UpdateLastAccessTime ,217
3/8/2018 10:21:16,ACCT04\paliderd,BEGIN - IES.DataBridge.Loaders.RateDetailLoader.GetRatesForRdsbDocument ,0
3/8/2018 10:21:16,ACCT04\paliderd,IES.DataBridge.Loaders.RateDetailLoader.GetRatesForRdsbDocument ,112
3/8/2018 10:21:16,ACCT04\paliderd,ACTION - GetRateCodesForRevision,112
3/8/2018 10:21:40,ACCT04\paliderd,BEGIN - IES.DataBridge.Loaders.WhosOnlineLoader.UpdateLastAccessTime ,0
3/8/2018 10:21:40,ACCT04\paliderd,IES.DataBridge.Loaders.WhosOnlineLoader.UpdateLastAccessTime ,210
3/8/2018 10:21:41,ACCT04\paliderd,ACTION - GetSectionsForRevision,788
3/8/2018 10:21:41,ACCT04\paliderd,BEGIN - IES.DataBridge.Loaders.WhosOnlineLoader.UpdateLastAccessTime ,0
3/8/2018 10:21:41,ACCT04\paliderd,IES.DataBridge.Loaders.WhosOnlineLoader.UpdateLastAccessTime ,228
3/8/2018 10:21:41,ACCT04\paliderd,BEGIN - IES.DataBridge.Loaders.RateDetailLoader.GetRatesForRdsbDocument ,0
3/8/2018 10:21:41,ACCT04\paliderd,IES.DataBridge.Loaders.RateDetailLoader.GetRatesForRdsbDocument ,104
3/8/2018 10:21:41,ACCT04\paliderd,ACTION - GetRateCodesForRevision,104
3/8/2018 10:21:46,ACCT04\paliderd,BEGIN - IES.DataBridge.Loaders.WhosOnlineLoader.UpdateLastAccessTime ,0
3/8/2018 10:21:46,ACCT04\paliderd,IES.DataBridge.Loaders.WhosOnlineLoader.UpdateLastAccessTime ,226
3/8/2018 10:21:47,ACCT04\paliderd,ACTION - GetSectionsForRevision,787
3/8/2018 10:21:47,ACCT04\paliderd,BEGIN - IES.DataBridge.Loaders.WhosOnlineLoader.UpdateLastAccessTime ,0
3/8/2018 10:21:47,ACCT04\paliderd,IES.DataBridge.Loaders.WhosOnlineLoader.UpdateLastAccessTime ,242
3/8/2018 10:21:47,ACCT04\paliderd,BEGIN - IES.DataBridge.Loaders.RateDetailLoader.GetRatesForRdsbDocument ,0
3/8/2018 10:21:47,ACCT04\paliderd,IES.DataBridge.Loaders.RateDetailLoader.GetRatesForRdsbDocument ,95
3/8/2018 10:21:47,ACCT04\paliderd,ACTION - GetRateCodesForRevision,95
3/8/2018 10:21:52,ACCT04\paliderd,BEGIN - IES.DataBridge.Loaders.WhosOnlineLoader.UpdateLastAccessTime ,0
3/8/2018 10:21:53,ACCT04\paliderd,IES.DataBridge.Loaders.WhosOnlineLoader.UpdateLastAccessTime ,214
3/8/2018 10:21:53,ACCT04\paliderd,ACTION - GetSectionsForRevision,793
3/8/2018 10:21:53,ACCT04\paliderd,BEGIN - IES.DataBridge.Loaders.WhosOnlineLoader.UpdateLastAccessTime ,0
3/8/2018 10:21:54,ACCT04\paliderd,IES.DataBridge.Loaders.WhosOnlineLoader.UpdateLastAccessTime ,251
3/8/2018 10:21:54,ACCT04\paliderd,BEGIN - IES.DataBridge.Loaders.RateDetailLoader.GetRatesForRdsbDocument ,0
3/8/2018 10:21:54,ACCT04\paliderd,IES.DataBridge.Loaders.RateDetailLoader.GetRatesForRdsbDocument ,114
3/8/2018 10:21:54,ACCT04\paliderd,ACTION - GetRateCodesForRevision,114
3/8/2018 10:24:42,ACCT04\paliderd,BEGIN - IES.DataBridge.Loaders.WhosOnlineLoader.UpdateLastAccessTime ,0
3/8/2018 10:24:43,ACCT04\paliderd,IES.DataBridge.Loaders.WhosOnlineLoader.UpdateLastAccessTime ,253
3/8/2018 10:24:43,ACCT04\paliderd,BEGIN - GenTRAC.DataBridge.DTO.IUserMapper.GetByNtid UserMapper.GetByNtid,0
3/8/2018 10:24:43,ACCT04\paliderd,BEGIN - GenTRAC.DataBridge.DTO.UserLoader.UserExists UserLoader.UserExists,0
3/8/2018 10:24:43,ACCT04\paliderd,GenTRAC.DataBridge.DTO.UserLoader.UserExists UserLoader.UserExists,125
3/8/2018 10:24:43,ACCT04\paliderd,GenTRAC.DataBridge.DTO.IUserMapper.GetByNtid UserMapper.GetByNtid,125
3/8/2018 10:24:43,ACCT04\paliderd,BEGIN - GenTRAC.DataBridge.DTO.ProposalLoader.GetByIds ProposalLoader.GetByIds,0
3/8/2018 10:24:44,ACCT04\paliderd,GenTRAC.DataBridge.DTO.ProposalLoader.GetByIds ProposalLoader.GetByIds,141
3/8/2018 10:24:44,ACCT04\paliderd,BEGIN - IES.DataBridge.Loaders.RevisionLoader.GetAll ,0
3/8/2018 10:24:44,ACCT04\paliderd,IES.DataBridge.Loaders.RevisionLoader.GetAll ,184
3/8/2018 10:24:44,ACCT04\paliderd,ACTION - Edit,1200
3/8/2018 10:24:44,ACCT04\paliderd,BEGIN - IES.DataBridge.Loaders.WhosOnlineLoader.UpdateLastAccessTime ,0
3/8/2018 10:24:45,ACCT04\paliderd,IES.DataBridge.Loaders.WhosOnlineLoader.UpdateLastAccessTime ,248
3/8/2018 10:24:45,ACCT04\paliderd,ACTION - GetSectionsForRevision,826
3/8/2018 10:24:45,ACCT04\paliderd,BEGIN - IES.DataBridge.Loaders.WhosOnlineLoader.UpdateLastAccessTime ,0
3/8/2018 10:24:46,ACCT04\paliderd,IES.DataBridge.Loaders.WhosOnlineLoader.UpdateLastAccessTime ,291
3/8/2018 10:24:46,ACCT04\paliderd,BEGIN - IES.DataBridge.Loaders.RateDetailLoader.GetRatesForRdsbDocument ,0
3/8/2018 10:24:46,ACCT04\paliderd,IES.DataBridge.Loaders.RateDetailLoader.GetRatesForRdsbDocument ,108
3/8/2018 10:24:46,ACCT04\paliderd,ACTION - GetRateCodesForRevision,109
3/8/2018 10:25:09,ACCT04\paliderd,BEGIN - IES.DataBridge.Loaders.WhosOnlineLoader.UpdateLastAccessTime ,0
3/8/2018 10:25:09,ACCT04\paliderd,IES.DataBridge.Loaders.WhosOnlineLoader.UpdateLastAccessTime ,228
3/8/2018 10:25:09,ACCT04\paliderd,BEGIN - GenTRAC.DataBridge.DTO.IUserMapper.GetByNtid UserMapper.GetByNtid,0
3/8/2018 10:25:09,ACCT04\paliderd,GenTRAC.DataBridge.DTO.IUserMapper.GetByNtid UserMapper.GetByNtid,0
3/8/2018 10:25:10,ACCT04\paliderd,BEGIN - GenTRAC.DataBridge.DTO.ProposalLoader.GetByIds ProposalLoader.GetByIds,0
3/8/2018 10:25:10,ACCT04\paliderd,GenTRAC.DataBridge.DTO.ProposalLoader.GetByIds ProposalLoader.GetByIds,137
3/8/2018 10:25:10,ACCT04\paliderd,BEGIN - IES.DataBridge.Loaders.RevisionLoader.GetAll ,0
3/8/2018 10:25:10,ACCT04\paliderd,IES.DataBridge.Loaders.RevisionLoader.GetAll ,160
3/8/2018 10:25:10,ACCT04\paliderd,ACTION - Edit,672
3/8/2018 10:25:11,ACCT04\paliderd,BEGIN - IES.DataBridge.Loaders.WhosOnlineLoader.UpdateLastAccessTime ,0
3/8/2018 10:25:11,ACCT04\paliderd,IES.DataBridge.Loaders.WhosOnlineLoader.UpdateLastAccessTime ,240
3/8/2018 10:25:12,ACCT04\paliderd,ACTION - GetSectionsForRevision,812
3/8/2018 10:25:12,ACCT04\paliderd,BEGIN - IES.DataBridge.Loaders.WhosOnlineLoader.UpdateLastAccessTime ,0
3/8/2018 10:25:12,ACCT04\paliderd,IES.DataBridge.Loaders.WhosOnlineLoader.UpdateLastAccessTime ,232
3/8/2018 10:25:12,ACCT04\paliderd,BEGIN - IES.DataBridge.Loaders.RateDetailLoader.GetRatesForRdsbDocument ,0
3/8/2018 10:25:12,ACCT04\paliderd,IES.DataBridge.Loaders.RateDetailLoader.GetRatesForRdsbDocument ,94
3/8/2018 10:25:12,ACCT04\paliderd,ACTION - GetRateCodesForRevision,94
3/8/2018 10:27:19,ACCT04\paliderd,BEGIN - IES.DataBridge.Loaders.WhosOnlineLoader.UpdateLastAccessTime ,0
3/8/2018 10:27:19,ACCT04\paliderd,IES.DataBridge.Loaders.WhosOnlineLoader.UpdateLastAccessTime ,211
3/8/2018 10:27:19,ACCT04\paliderd,BEGIN - GenTRAC.DataBridge.DTO.IUserMapper.GetByNtid UserMapper.GetByNtid,0
3/8/2018 10:27:19,ACCT04\paliderd,BEGIN - GenTRAC.DataBridge.DTO.UserLoader.UserExists UserLoader.UserExists,0
3/8/2018 10:27:19,ACCT04\paliderd,GenTRAC.DataBridge.DTO.UserLoader.UserExists UserLoader.UserExists,97
3/8/2018 10:27:19,ACCT04\paliderd,GenTRAC.DataBridge.DTO.IUserMapper.GetByNtid UserMapper.GetByNtid,98
3/8/2018 10:27:20,ACCT04\paliderd,BEGIN - GenTRAC.DataBridge.DTO.ProposalLoader.GetByIds ProposalLoader.GetByIds,0
3/8/2018 10:27:20,ACCT04\paliderd,GenTRAC.DataBridge.DTO.ProposalLoader.GetByIds ProposalLoader.GetByIds,126
3/8/2018 10:27:20,ACCT04\paliderd,BEGIN - IES.DataBridge.Loaders.RevisionLoader.GetAll ,0
3/8/2018 10:27:20,ACCT04\paliderd,IES.DataBridge.Loaders.RevisionLoader.GetAll ,161
3/8/2018 10:27:20,ACCT04\paliderd,ACTION - Edit,1154
3/8/2018 10:27:22,ACCT04\paliderd,BEGIN - IES.DataBridge.Loaders.WhosOnlineLoader.UpdateLastAccessTime ,0
3/8/2018 10:27:22,ACCT04\paliderd,IES.DataBridge.Loaders.WhosOnlineLoader.UpdateLastAccessTime ,660
3/8/2018 10:27:23,ACCT04\paliderd,ACTION - GetSectionsForRevision,868
3/8/2018 10:27:23,ACCT04\paliderd,BEGIN - IES.DataBridge.Loaders.WhosOnlineLoader.UpdateLastAccessTime ,0
3/8/2018 10:27:23,ACCT04\paliderd,IES.DataBridge.Loaders.WhosOnlineLoader.UpdateLastAccessTime ,235
3/8/2018 10:27:23,ACCT04\paliderd,BEGIN - IES.DataBridge.Loaders.RateDetailLoader.GetRatesForRdsbDocument ,0
3/8/2018 10:27:24,ACCT04\paliderd,IES.DataBridge.Loaders.RateDetailLoader.GetRatesForRdsbDocument ,94
3/8/2018 10:27:24,ACCT04\paliderd,ACTION - GetRateCodesForRevision,95
3/8/2018 10:27:33,ACCT04\paliderd,BEGIN - IES.DataBridge.Loaders.WhosOnlineLoader.UpdateLastAccessTime ,0
3/8/2018 10:27:33,ACCT04\paliderd,IES.DataBridge.Loaders.WhosOnlineLoader.UpdateLastAccessTime ,225
3/8/2018 10:27:34,ACCT04\paliderd,ACTION - GetSectionsForRevision,782
3/8/2018 10:27:34,ACCT04\paliderd,BEGIN - IES.DataBridge.Loaders.WhosOnlineLoader.UpdateLastAccessTime ,0
3/8/2018 10:27:34,ACCT04\paliderd,IES.DataBridge.Loaders.WhosOnlineLoader.UpdateLastAccessTime ,225
3/8/2018 10:27:34,ACCT04\paliderd,BEGIN - IES.DataBridge.Loaders.RateDetailLoader.GetRatesForRdsbDocument ,0
3/8/2018 10:27:34,ACCT04\paliderd,IES.DataBridge.Loaders.RateDetailLoader.GetRatesForRdsbDocument ,92
3/8/2018 10:27:34,ACCT04\paliderd,ACTION - GetRateCodesForRevision,93
3/8/2018 10:28:22,ACCT04\paliderd,BEGIN - IES.DataBridge.Loaders.WhosOnlineLoader.UpdateLastAccessTime ,0
3/8/2018 10:28:22,ACCT04\paliderd,IES.DataBridge.Loaders.WhosOnlineLoader.UpdateLastAccessTime ,236
3/8/2018 10:28:22,ACCT04\paliderd,BEGIN - GenTRAC.DataBridge.DTO.IUserMapper.GetByNtid UserMapper.GetByNtid,0
3/8/2018 10:28:22,ACCT04\paliderd,BEGIN - GenTRAC.DataBridge.DTO.UserLoader.UserExists UserLoader.UserExists,0
3/8/2018 10:28:22,ACCT04\paliderd,GenTRAC.DataBridge.DTO.UserLoader.UserExists UserLoader.UserExists,98
3/8/2018 10:28:22,ACCT04\paliderd,GenTRAC.DataBridge.DTO.IUserMapper.GetByNtid UserMapper.GetByNtid,99
3/8/2018 10:28:22,ACCT04\paliderd,BEGIN - GenTRAC.DataBridge.DTO.ProposalLoader.GetAllSlim ProposalLoader.GetAllSlim,0
3/8/2018 10:28:22,ACCT04\paliderd,GenTRAC.DataBridge.DTO.ProposalLoader.GetAllSlim ProposalLoader.GetAllSlim,248
3/8/2018 10:28:22,ACCT04\paliderd,BEGIN - IES.DataBridge.Loaders.RevisionLoader.GetAll ,0
3/8/2018 10:28:23,ACCT04\paliderd,IES.DataBridge.Loaders.RevisionLoader.GetAll ,157
3/8/2018 10:28:24,ACCT04\paliderd,ACTION - Index,1962
3/8/2018 10:28:24,ACCT04\paliderd,BEGIN - IES.DataBridge.Loaders.WhosOnlineLoader.UpdateLastAccessTime ,0
3/8/2018 10:28:25,ACCT04\paliderd,IES.DataBridge.Loaders.WhosOnlineLoader.UpdateLastAccessTime ,227
3/8/2018 10:28:25,ACCT04\paliderd,ACTION - CanViewWhosOnline,0
3/8/2018 10:28:28,ACCT04\paliderd,BEGIN - IES.DataBridge.Loaders.WhosOnlineLoader.UpdateLastAccessTime ,0
3/8/2018 10:28:29,ACCT04\paliderd,IES.DataBridge.Loaders.WhosOnlineLoader.UpdateLastAccessTime ,571
3/8/2018 10:28:29,ACCT04\paliderd,BEGIN - GenTRAC.DataBridge.DTO.IUserMapper.GetByNtid UserMapper.GetByNtid,0
3/8/2018 10:28:29,ACCT04\paliderd,GenTRAC.DataBridge.DTO.IUserMapper.GetByNtid UserMapper.GetByNtid,0
3/8/2018 10:28:29,ACCT04\paliderd,BEGIN - GenTRAC.DataBridge.DTO.ProposalLoader.GetAllSlim ProposalLoader.GetAllSlim,0
3/8/2018 10:28:30,ACCT04\paliderd,GenTRAC.DataBridge.DTO.ProposalLoader.GetAllSlim ProposalLoader.GetAllSlim,591
3/8/2018 10:28:30,ACCT04\paliderd,BEGIN - IES.DataBridge.Loaders.RevisionLoader.GetAll ,0
3/8/2018 10:28:30,ACCT04\paliderd,IES.DataBridge.Loaders.RevisionLoader.GetAll ,470
3/8/2018 10:28:31,ACCT04\paliderd,BEGIN - IES.DataBridge.Loaders.WhosOnlineLoader.UpdateLastAccessTime ,0
3/8/2018 10:28:31,ACCT04\paliderd,IES.DataBridge.Loaders.WhosOnlineLoader.UpdateLastAccessTime ,302
3/8/2018 10:28:31,ACCT04\paliderd,BEGIN - GenTRAC.DataBridge.DTO.IUserMapper.GetByNtid UserMapper.GetByNtid,0
3/8/2018 10:28:31,ACCT04\paliderd,GenTRAC.DataBridge.DTO.IUserMapper.GetByNtid UserMapper.GetByNtid,0
3/8/2018 10:28:31,ACCT04\paliderd,BEGIN - GenTRAC.DataBridge.DTO.ProposalLoader.GetAllSlim ProposalLoader.GetAllSlim,0
3/8/2018 10:28:31,ACCT04\paliderd,GenTRAC.DataBridge.DTO.ProposalLoader.GetAllSlim ProposalLoader.GetAllSlim,235
3/8/2018 10:28:31,ACCT04\paliderd,BEGIN - IES.DataBridge.Loaders.RevisionLoader.GetAll ,0
3/8/2018 10:28:32,ACCT04\paliderd,IES.DataBridge.Loaders.RevisionLoader.GetAll ,167
3/8/2018 10:28:35,ACCT04\paliderd,BEGIN - IES.DataBridge.Loaders.WhosOnlineLoader.UpdateLastAccessTime ,0
3/8/2018 10:28:35,ACCT04\paliderd,IES.DataBridge.Loaders.WhosOnlineLoader.UpdateLastAccessTime ,211
3/8/2018 10:28:35,ACCT04\paliderd,BEGIN - GenTRAC.DataBridge.DTO.IUserMapper.GetByNtid UserMapper.GetByNtid,0
3/8/2018 10:28:35,ACCT04\paliderd,GenTRAC.DataBridge.DTO.IUserMapper.GetByNtid UserMapper.GetByNtid,0
3/8/2018 10:28:36,ACCT04\paliderd,BEGIN - GenTRAC.DataBridge.DTO.ProposalLoader.GetAllSlim ProposalLoader.GetAllSlim,0
3/8/2018 10:28:36,ACCT04\paliderd,GenTRAC.DataBridge.DTO.ProposalLoader.GetAllSlim ProposalLoader.GetAllSlim,279
3/8/2018 10:28:36,ACCT04\paliderd,BEGIN - IES.DataBridge.Loaders.RevisionLoader.GetAll ,0
3/8/2018 10:28:36,ACCT04\paliderd,IES.DataBridge.Loaders.RevisionLoader.GetAll ,196
3/8/2018 10:28:38,ACCT04\paliderd,BEGIN - GenTRAC.DataBridge.DTO.ProposalLoader.GetByIds ProposalLoader.GetByIds,0
3/8/2018 10:28:38,ACCT04\paliderd,GenTRAC.DataBridge.DTO.ProposalLoader.GetByIds ProposalLoader.GetByIds,353
3/8/2018 10:28:38,ACCT04\paliderd,BEGIN - GenTRAC.DataBridge.DTO.ProposalLoader.Save Save,0
3/8/2018 10:28:38,ACCT04\paliderd,BEGIN - GenTRAC.DataBridge.DTO.ProposalLoader.Upsert ProposalLoader.Upsert,0
3/8/2018 10:28:38,ACCT04\paliderd,GenTRAC.DataBridge.DTO.ProposalLoader.Upsert ProposalLoader.Upsert,480
3/8/2018 10:28:38,ACCT04\paliderd,GenTRAC.DataBridge.DTO.ProposalLoader.Save Save,504
3/8/2018 10:28:38,ACCT04\paliderd,ACTION - GetProposalsForNewDocument,9651
3/8/2018 10:28:39,ACCT04\paliderd,BEGIN - GenTRAC.DataBridge.DTO.ProposalLoader.GetByIds ProposalLoader.GetByIds,0
3/8/2018 10:28:39,ACCT04\paliderd,GenTRAC.DataBridge.DTO.ProposalLoader.GetByIds ProposalLoader.GetByIds,249
3/8/2018 10:28:39,ACCT04\paliderd,BEGIN - GenTRAC.DataBridge.DTO.ProposalLoader.Save Save,0
3/8/2018 10:28:39,ACCT04\paliderd,BEGIN - GenTRAC.DataBridge.DTO.ProposalLoader.Upsert ProposalLoader.Upsert,0
3/8/2018 10:28:39,ACCT04\paliderd,GenTRAC.DataBridge.DTO.ProposalLoader.Upsert ProposalLoader.Upsert,196
3/8/2018 10:28:39,ACCT04\paliderd,GenTRAC.DataBridge.DTO.ProposalLoader.Save Save,196
3/8/2018 10:28:39,ACCT04\paliderd,ACTION - GetProposalsForNewDocument,8090
3/8/2018 10:28:43,ACCT04\paliderd,BEGIN - GenTRAC.DataBridge.DTO.ProposalLoader.GetByIds ProposalLoader.GetByIds,0
3/8/2018 10:28:43,ACCT04\paliderd,GenTRAC.DataBridge.DTO.ProposalLoader.GetByIds ProposalLoader.GetByIds,133
3/8/2018 10:28:43,ACCT04\paliderd,BEGIN - GenTRAC.DataBridge.DTO.ProposalLoader.Save Save,0
3/8/2018 10:28:43,ACCT04\paliderd,BEGIN - GenTRAC.DataBridge.DTO.ProposalLoader.Upsert ProposalLoader.Upsert,0
3/8/2018 10:28:44,ACCT04\paliderd,GenTRAC.DataBridge.DTO.ProposalLoader.Upsert ProposalLoader.Upsert,211
3/8/2018 10:28:44,ACCT04\paliderd,GenTRAC.DataBridge.DTO.ProposalLoader.Save Save,211
3/8/2018 10:28:44,ACCT04\paliderd,ACTION - GetProposalsForNewDocument,8267
3/8/2018 10:28:48,ACCT04\paliderd,BEGIN - IES.DataBridge.Loaders.WhosOnlineLoader.UpdateLastAccessTime ,0
3/8/2018 10:28:48,ACCT04\paliderd,IES.DataBridge.Loaders.WhosOnlineLoader.UpdateLastAccessTime ,220
3/8/2018 10:28:48,ACCT04\paliderd,BEGIN - GenTRAC.DataBridge.DTO.IUserMapper.GetByNtid UserMapper.GetByNtid,0
3/8/2018 10:28:48,ACCT04\paliderd,GenTRAC.DataBridge.DTO.IUserMapper.GetByNtid UserMapper.GetByNtid,0
3/8/2018 10:28:49,ACCT04\paliderd,BEGIN - GenTRAC.DataBridge.DTO.ProposalLoader.GetByIds ProposalLoader.GetByIds,0
3/8/2018 10:28:49,ACCT04\paliderd,GenTRAC.DataBridge.DTO.ProposalLoader.GetByIds ProposalLoader.GetByIds,166
3/8/2018 10:28:49,ACCT04\paliderd,BEGIN - IES.DataBridge.Loaders.RevisionLoader.GetAll ,0
3/8/2018 10:28:49,ACCT04\paliderd,IES.DataBridge.Loaders.RevisionLoader.GetAll ,164
3/8/2018 10:28:49,ACCT04\paliderd,BEGIN - IES.DataBridge.Common.DataLoader`1[[IES.DataBridge.ModelViews.DocumentGridModelView, IES.DataBridge, Version=1.0.0.0, Culture=neutral, PublicKeyToken=null]].Save ,0
3/8/2018 10:28:49,ACCT04\paliderd,BEGIN - IES.DataBridge.Loaders.RevisionLoader.GetAll ,0
3/8/2018 10:28:50,ACCT04\paliderd,IES.DataBridge.Loaders.RevisionLoader.GetAll ,241
3/8/2018 10:28:50,ACCT04\paliderd,BEGIN - IES.DataBridge.Common.DataLoader`1[[IES.DataBridge.ModelViews.DocumentGridModelView, IES.DataBridge, Version=1.0.0.0, Culture=neutral, PublicKeyToken=null]].Upsert ,0
3/8/2018 10:28:50,ACCT04\paliderd,IES.DataBridge.Common.DataLoader`1[[IES.DataBridge.ModelViews.DocumentGridModelView, IES.DataBridge, Version=1.0.0.0, Culture=neutral, PublicKeyToken=null]].Upsert ,124
3/8/2018 10:28:50,ACCT04\paliderd,IES.DataBridge.Common.DataLoader`1[[IES.DataBridge.ModelViews.DocumentGridModelView, IES.DataBridge, Version=1.0.0.0, Culture=neutral, PublicKeyToken=null]].Save ,367
3/8/2018 10:28:50,ACCT04\paliderd,BEGIN - GenTRAC.DataBridge.DTO.ProposalLoader.Save Save,0
3/8/2018 10:28:50,ACCT04\paliderd,BEGIN - GenTRAC.DataBridge.DTO.ProposalLoader.Upsert ProposalLoader.Upsert,0
3/8/2018 10:28:50,ACCT04\paliderd,GenTRAC.DataBridge.DTO.ProposalLoader.Upsert ProposalLoader.Upsert,159
3/8/2018 10:28:50,ACCT04\paliderd,GenTRAC.DataBridge.DTO.ProposalLoader.Save Save,159
3/8/2018 10:28:50,ACCT04\paliderd,ACTION - SaveNewDocument,1526
3/8/2018 10:28:50,ACCT04\paliderd,BEGIN - IES.DataBridge.Loaders.WhosOnlineLoader.UpdateLastAccessTime ,0
3/8/2018 10:28:50,ACCT04\paliderd,IES.DataBridge.Loaders.WhosOnlineLoader.UpdateLastAccessTime ,233
3/8/2018 10:28:50,ACCT04\paliderd,BEGIN - GenTRAC.DataBridge.DTO.IUserMapper.GetByNtid UserMapper.GetByNtid,0
3/8/2018 10:28:50,ACCT04\paliderd,GenTRAC.DataBridge.DTO.IUserMapper.GetByNtid UserMapper.GetByNtid,0
3/8/2018 10:28:50,ACCT04\paliderd,BEGIN - GenTRAC.DataBridge.DTO.ProposalLoader.GetByIds ProposalLoader.GetByIds,0
3/8/2018 10:28:50,ACCT04\paliderd,GenTRAC.DataBridge.DTO.ProposalLoader.GetByIds ProposalLoader.GetByIds,129
3/8/2018 10:28:51,ACCT04\paliderd,BEGIN - IES.DataBridge.Loaders.RevisionLoader.GetAll ,0
3/8/2018 10:28:51,ACCT04\paliderd,IES.DataBridge.Loaders.RevisionLoader.GetAll ,174
3/8/2018 10:28:51,ACCT04\paliderd,ACTION - Edit,410
3/8/2018 10:28:51,ACCT04\paliderd,BEGIN - IES.DataBridge.Loaders.WhosOnlineLoader.UpdateLastAccessTime ,0
3/8/2018 10:28:51,ACCT04\paliderd,IES.DataBridge.Loaders.WhosOnlineLoader.UpdateLastAccessTime ,241
3/8/2018 10:28:52,ACCT04\paliderd,ACTION - GetSectionsForRevision,789
3/8/2018 10:28:52,ACCT04\paliderd,BEGIN - IES.DataBridge.Loaders.WhosOnlineLoader.UpdateLastAccessTime ,0
3/8/2018 10:28:52,ACCT04\paliderd,IES.DataBridge.Loaders.WhosOnlineLoader.UpdateLastAccessTime ,240
3/8/2018 10:28:52,ACCT04\paliderd,BEGIN - IES.DataBridge.Loaders.RateDetailLoader.GetRatesForRdsbDocument ,0
3/8/2018 10:28:52,ACCT04\paliderd,IES.DataBridge.Loaders.RateDetailLoader.GetRatesForRdsbDocument ,95
3/8/2018 10:28:52,ACCT04\paliderd,ACTION - GetRateCodesForRevision,95
3/8/2018 10:32:40,ACCT04\paliderd,BEGIN - IES.DataBridge.Loaders.WhosOnlineLoader.UpdateLastAccessTime ,0
3/8/2018 10:32:41,ACCT04\paliderd,IES.DataBridge.Loaders.WhosOnlineLoader.UpdateLastAccessTime ,1558
3/8/2018 10:32:41,ACCT04\paliderd,BEGIN - GenTRAC.DataBridge.DTO.IUserMapper.GetByNtid UserMapper.GetByNtid,0
3/8/2018 10:32:41,ACCT04\paliderd,BEGIN - GenTRAC.DataBridge.DTO.UserLoader.UserExists UserLoader.UserExists,0
3/8/2018 10:32:42,ACCT04\paliderd,GenTRAC.DataBridge.DTO.UserLoader.UserExists UserLoader.UserExists,904
3/8/2018 10:32:42,ACCT04\paliderd,BEGIN - GenTRAC.DataBridge.DTO.UserLoader.GetByNtid UserLoader.GetUserByNtid,0
3/8/2018 10:32:42,ACCT04\paliderd,GenTRAC.DataBridge.DTO.UserLoader.GetByNtid UserLoader.GetUserByNtid,184
3/8/2018 10:32:42,ACCT04\paliderd,MISS - GetByNtid -> Key: user_paliderd,187
3/8/2018 10:32:42,ACCT04\paliderd,GenTRAC.DataBridge.DTO.IUserMapper.GetByNtid UserMapper.GetByNtid,1100
3/8/2018 10:32:43,ACCT04\paliderd,BEGIN - GenTRAC.DataBridge.DTO.ProposalLoader.GetAllSlim ProposalLoader.GetAllSlim,0
3/8/2018 10:32:44,ACCT04\paliderd,GenTRAC.DataBridge.DTO.ProposalLoader.GetAllSlim ProposalLoader.GetAllSlim,275
3/8/2018 10:32:44,ACCT04\paliderd,BEGIN - IES.DataBridge.Loaders.RevisionLoader.GetAll ,0
3/8/2018 10:32:44,ACCT04\paliderd,IES.DataBridge.Loaders.RevisionLoader.GetAll ,328
3/8/2018 10:32:45,ACCT04\paliderd,ACTION - Index,3683
3/8/2018 10:32:51,ACCT04\paliderd,BEGIN - IES.DataBridge.Loaders.WhosOnlineLoader.UpdateLastAccessTime ,0
3/8/2018 10:32:52,ACCT04\paliderd,IES.DataBridge.Loaders.WhosOnlineLoader.UpdateLastAccessTime ,232
3/8/2018 10:32:52,ACCT04\paliderd,ACTION - CanViewWhosOnline,1
3/8/2018 10:32:56,ACCT04\paliderd,BEGIN - IES.DataBridge.Loaders.WhosOnlineLoader.UpdateLastAccessTime ,0
3/8/2018 10:32:56,ACCT04\paliderd,IES.DataBridge.Loaders.WhosOnlineLoader.UpdateLastAccessTime ,213
3/8/2018 10:32:56,ACCT04\paliderd,BEGIN - GenTRAC.DataBridge.DTO.IUserMapper.GetByNtid UserMapper.GetByNtid,0
3/8/2018 10:32:56,ACCT04\paliderd,GenTRAC.DataBridge.DTO.IUserMapper.GetByNtid UserMapper.GetByNtid,0
3/8/2018 10:32:57,ACCT04\paliderd,BEGIN - GenTRAC.DataBridge.DTO.ProposalLoader.GetAllSlim ProposalLoader.GetAllSlim,0
3/8/2018 10:32:57,ACCT04\paliderd,GenTRAC.DataBridge.DTO.ProposalLoader.GetAllSlim ProposalLoader.GetAllSlim,252
3/8/2018 10:32:57,ACCT04\paliderd,BEGIN - IES.DataBridge.Loaders.RevisionLoader.GetAll ,0
3/8/2018 10:32:57,ACCT04\paliderd,IES.DataBridge.Loaders.RevisionLoader.GetAll ,158
3/8/2018 10:33:03,ACCT04\paliderd,ACTION - GetProposalsForNewDocument,6414
3/8/2018 10:33:08,ACCT04\paliderd,BEGIN - IES.DataBridge.Loaders.WhosOnlineLoader.UpdateLastAccessTime ,0
3/8/2018 10:33:09,ACCT04\paliderd,IES.DataBridge.Loaders.WhosOnlineLoader.UpdateLastAccessTime ,226
3/8/2018 10:33:09,ACCT04\paliderd,BEGIN - GenTRAC.DataBridge.DTO.IUserMapper.GetByNtid UserMapper.GetByNtid,0
3/8/2018 10:33:09,ACCT04\paliderd,GenTRAC.DataBridge.DTO.IUserMapper.GetByNtid UserMapper.GetByNtid,0
3/8/2018 10:33:09,ACCT04\paliderd,BEGIN - GenTRAC.DataBridge.DTO.ProposalLoader.GetByIds ProposalLoader.GetByIds,0
3/8/2018 10:33:09,ACCT04\paliderd,GenTRAC.DataBridge.DTO.ProposalLoader.GetByIds ProposalLoader.GetByIds,328
3/8/2018 10:33:09,ACCT04\paliderd,BEGIN - IES.DataBridge.Loaders.RevisionLoader.GetAll ,0
3/8/2018 10:33:09,ACCT04\paliderd,IES.DataBridge.Loaders.RevisionLoader.GetAll ,158
3/8/2018 10:33:10,ACCT04\paliderd,BEGIN - IES.DataBridge.Common.DataLoader`1[[IES.DataBridge.ModelViews.DocumentGridModelView, IES.DataBridge, Version=1.0.0.0, Culture=neutral, PublicKeyToken=null]].Save ,0
3/8/2018 10:33:10,ACCT04\paliderd,BEGIN - IES.DataBridge.Loaders.RevisionLoader.GetAll ,0
3/8/2018 10:33:10,ACCT04\paliderd,IES.DataBridge.Loaders.RevisionLoader.GetAll ,250
3/8/2018 10:33:10,ACCT04\paliderd,BEGIN - IES.DataBridge.Common.DataLoader`1[[IES.DataBridge.ModelViews.DocumentGridModelView, IES.DataBridge, Version=1.0.0.0, Culture=neutral, PublicKeyToken=null]].Upsert ,0
3/8/2018 10:33:10,ACCT04\paliderd,IES.DataBridge.Common.DataLoader`1[[IES.DataBridge.ModelViews.DocumentGridModelView, IES.DataBridge, Version=1.0.0.0, Culture=neutral, PublicKeyToken=null]].Upsert ,144
3/8/2018 10:33:10,ACCT04\paliderd,IES.DataBridge.Common.DataLoader`1[[IES.DataBridge.ModelViews.DocumentGridModelView, IES.DataBridge, Version=1.0.0.0, Culture=neutral, PublicKeyToken=null]].Save ,397
3/8/2018 10:33:10,ACCT04\paliderd,BEGIN - GenTRAC.DataBridge.DTO.ProposalLoader.Save Save,0
3/8/2018 10:33:10,ACCT04\paliderd,BEGIN - GenTRAC.DataBridge.DTO.ProposalLoader.Upsert ProposalLoader.Upsert,0
3/8/2018 10:33:10,ACCT04\paliderd,GenTRAC.DataBridge.DTO.ProposalLoader.Upsert ProposalLoader.Upsert,224
3/8/2018 10:33:10,ACCT04\paliderd,GenTRAC.DataBridge.DTO.ProposalLoader.Save Save,228
3/8/2018 10:33:10,ACCT04\paliderd,ACTION - SaveNewDocument,1716
3/8/2018 10:33:10,ACCT04\paliderd,BEGIN - IES.DataBridge.Loaders.WhosOnlineLoader.UpdateLastAccessTime ,0
3/8/2018 10:33:11,ACCT04\paliderd,IES.DataBridge.Loaders.WhosOnlineLoader.UpdateLastAccessTime ,243
3/8/2018 10:33:11,ACCT04\paliderd,BEGIN - GenTRAC.DataBridge.DTO.IUserMapper.GetByNtid UserMapper.GetByNtid,0
3/8/2018 10:33:11,ACCT04\paliderd,GenTRAC.DataBridge.DTO.IUserMapper.GetByNtid UserMapper.GetByNtid,0
3/8/2018 10:33:11,ACCT04\paliderd,BEGIN - GenTRAC.DataBridge.DTO.ProposalLoader.GetByIds ProposalLoader.GetByIds,0
3/8/2018 10:33:11,ACCT04\paliderd,GenTRAC.DataBridge.DTO.ProposalLoader.GetByIds ProposalLoader.GetByIds,163
3/8/2018 10:33:11,ACCT04\paliderd,BEGIN - IES.DataBridge.Loaders.RevisionLoader.GetAll ,0
3/8/2018 10:33:11,ACCT04\paliderd,IES.DataBridge.Loaders.RevisionLoader.GetAll ,170
3/8/2018 10:33:11,ACCT04\paliderd,ACTION - Edit,515
3/8/2018 10:33:12,ACCT04\paliderd,BEGIN - IES.DataBridge.Loaders.WhosOnlineLoader.UpdateLastAccessTime ,0
3/8/2018 10:33:12,ACCT04\paliderd,IES.DataBridge.Loaders.WhosOnlineLoader.UpdateLastAccessTime ,242
3/8/2018 10:33:13,ACCT04\paliderd,ACTION - GetSectionsForRevision,834
3/8/2018 10:33:13,ACCT04\paliderd,BEGIN - IES.DataBridge.Loaders.WhosOnlineLoader.UpdateLastAccessTime ,0
3/8/2018 10:33:13,ACCT04\paliderd,IES.DataBridge.Loaders.WhosOnlineLoader.UpdateLastAccessTime ,223
3/8/2018 10:33:13,ACCT04\paliderd,BEGIN - IES.DataBridge.Loaders.RateDetailLoader.GetRatesForRdsbDocument ,0
3/8/2018 10:33:13,ACCT04\paliderd,IES.DataBridge.Loaders.RateDetailLoader.GetRatesForRdsbDocument ,120
3/8/2018 10:33:13,ACCT04\paliderd,ACTION - GetRateCodesForRevision,122
3/8/2018 10:45:17,ACCT04\paliderd,BEGIN - IES.DataBridge.Loaders.WhosOnlineLoader.UpdateLastAccessTime ,0
3/8/2018 10:45:18,ACCT04\paliderd,IES.DataBridge.Loaders.WhosOnlineLoader.UpdateLastAccessTime ,1820
3/8/2018 10:45:18,ACCT04\paliderd,BEGIN - GenTRAC.DataBridge.DTO.IUserMapper.GetByNtid UserMapper.GetByNtid,0
3/8/2018 10:45:18,ACCT04\paliderd,BEGIN - GenTRAC.DataBridge.DTO.UserLoader.UserExists UserLoader.UserExists,0
3/8/2018 10:45:19,ACCT04\paliderd,GenTRAC.DataBridge.DTO.UserLoader.UserExists UserLoader.UserExists,761
3/8/2018 10:45:19,ACCT04\paliderd,BEGIN - GenTRAC.DataBridge.DTO.UserLoader.GetByNtid UserLoader.GetUserByNtid,0
3/8/2018 10:45:19,ACCT04\paliderd,GenTRAC.DataBridge.DTO.UserLoader.GetByNtid UserLoader.GetUserByNtid,138
3/8/2018 10:45:19,ACCT04\paliderd,MISS - GetByNtid -> Key: user_paliderd,141
3/8/2018 10:45:19,ACCT04\paliderd,GenTRAC.DataBridge.DTO.IUserMapper.GetByNtid UserMapper.GetByNtid,912
3/8/2018 10:45:20,ACCT04\paliderd,BEGIN - GenTRAC.DataBridge.DTO.ProposalLoader.GetAllSlim ProposalLoader.GetAllSlim,0
3/8/2018 10:45:20,ACCT04\paliderd,GenTRAC.DataBridge.DTO.ProposalLoader.GetAllSlim ProposalLoader.GetAllSlim,266
3/8/2018 10:45:20,ACCT04\paliderd,BEGIN - IES.DataBridge.Loaders.RevisionLoader.GetAll ,0
3/8/2018 10:45:21,ACCT04\paliderd,IES.DataBridge.Loaders.RevisionLoader.GetAll ,354
3/8/2018 10:45:22,ACCT04\paliderd,ACTION - Index,3400
3/8/2018 10:45:26,ACCT04\paliderd,BEGIN - IES.DataBridge.Loaders.WhosOnlineLoader.UpdateLastAccessTime ,0
3/8/2018 10:45:27,ACCT04\paliderd,IES.DataBridge.Loaders.WhosOnlineLoader.UpdateLastAccessTime ,234
3/8/2018 10:45:27,ACCT04\paliderd,ACTION - CanViewWhosOnline,1
3/8/2018 10:45:28,ACCT04\paliderd,BEGIN - IES.DataBridge.Loaders.WhosOnlineLoader.UpdateLastAccessTime ,0
3/8/2018 10:45:28,ACCT04\paliderd,IES.DataBridge.Loaders.WhosOnlineLoader.UpdateLastAccessTime ,275
3/8/2018 10:45:28,ACCT04\paliderd,BEGIN - GenTRAC.DataBridge.DTO.IUserMapper.GetByNtid UserMapper.GetByNtid,0
3/8/2018 10:45:28,ACCT04\paliderd,GenTRAC.DataBridge.DTO.IUserMapper.GetByNtid UserMapper.GetByNtid,0
3/8/2018 10:45:29,ACCT04\paliderd,BEGIN - GenTRAC.DataBridge.DTO.ProposalLoader.GetAllSlim ProposalLoader.GetAllSlim,0
3/8/2018 10:45:29,ACCT04\paliderd,GenTRAC.DataBridge.DTO.ProposalLoader.GetAllSlim ProposalLoader.GetAllSlim,307
3/8/2018 10:45:29,ACCT04\paliderd,BEGIN - IES.DataBridge.Loaders.RevisionLoader.GetAll ,0
3/8/2018 10:45:29,ACCT04\paliderd,IES.DataBridge.Loaders.RevisionLoader.GetAll ,161
3/8/2018 10:45:35,ACCT04\paliderd,ACTION - GetProposalsForNewDocument,6589
3/8/2018 12:04:21,ACCT04\paliderd,BEGIN - IES.DataBridge.Loaders.WhosOnlineLoader.UpdateLastAccessTime ,0
3/8/2018 12:04:23,ACCT04\paliderd,IES.DataBridge.Loaders.WhosOnlineLoader.UpdateLastAccessTime ,2252
3/8/2018 12:04:23,ACCT04\paliderd,BEGIN - GenTRAC.DataBridge.DTO.IUserMapper.GetByNtid UserMapper.GetByNtid,0
3/8/2018 12:04:23,ACCT04\paliderd,BEGIN - GenTRAC.DataBridge.DTO.UserLoader.UserExists UserLoader.UserExists,0
3/8/2018 12:04:24,ACCT04\paliderd,GenTRAC.DataBridge.DTO.UserLoader.UserExists UserLoader.UserExists,838
3/8/2018 12:04:24,ACCT04\paliderd,BEGIN - GenTRAC.DataBridge.DTO.UserLoader.GetByNtid UserLoader.GetUserByNtid,0
3/8/2018 12:04:24,ACCT04\paliderd,GenTRAC.DataBridge.DTO.UserLoader.GetByNtid UserLoader.GetUserByNtid,159
3/8/2018 12:04:24,ACCT04\paliderd,MISS - GetByNtid -> Key: user_paliderd,163
3/8/2018 12:04:24,ACCT04\paliderd,GenTRAC.DataBridge.DTO.IUserMapper.GetByNtid UserMapper.GetByNtid,1012
3/8/2018 12:04:25,ACCT04\paliderd,BEGIN - GenTRAC.DataBridge.DTO.ProposalLoader.GetAllSlim ProposalLoader.GetAllSlim,0
3/8/2018 12:04:26,ACCT04\paliderd,GenTRAC.DataBridge.DTO.ProposalLoader.GetAllSlim ProposalLoader.GetAllSlim,303
3/8/2018 12:04:26,ACCT04\paliderd,BEGIN - IES.DataBridge.Loaders.RevisionLoader.GetAll ,0
3/8/2018 12:04:26,ACCT04\paliderd,IES.DataBridge.Loaders.RevisionLoader.GetAll ,338
3/8/2018 12:04:27,ACCT04\paliderd,ACTION - Index,4021
3/8/2018 12:04:31,ACCT04\paliderd,BEGIN - IES.DataBridge.Loaders.WhosOnlineLoader.UpdateLastAccessTime ,0
3/8/2018 12:04:32,ACCT04\paliderd,IES.DataBridge.Loaders.WhosOnlineLoader.UpdateLastAccessTime ,238
3/8/2018 12:04:32,ACCT04\paliderd,ACTION - CanViewWhosOnline,2
3/8/2018 12:04:36,ACCT04\paliderd,BEGIN - IES.DataBridge.Loaders.WhosOnlineLoader.UpdateLastAccessTime ,0
3/8/2018 12:04:36,ACCT04\paliderd,IES.DataBridge.Loaders.WhosOnlineLoader.UpdateLastAccessTime ,272
3/8/2018 12:04:36,ACCT04\paliderd,BEGIN - GenTRAC.DataBridge.DTO.IUserMapper.GetByNtid UserMapper.GetByNtid,0
3/8/2018 12:04:36,ACCT04\paliderd,GenTRAC.DataBridge.DTO.IUserMapper.GetByNtid UserMapper.GetByNtid,0
3/8/2018 12:04:36,ACCT04\paliderd,BEGIN - GenTRAC.DataBridge.DTO.ProposalLoader.GetByIds ProposalLoader.GetByIds,0
3/8/2018 12:04:37,ACCT04\paliderd,GenTRAC.DataBridge.DTO.ProposalLoader.GetByIds ProposalLoader.GetByIds,342
3/8/2018 12:04:37,ACCT04\paliderd,BEGIN - IES.DataBridge.Loaders.RevisionLoader.GetAll ,0
3/8/2018 12:04:37,ACCT04\paliderd,IES.DataBridge.Loaders.RevisionLoader.GetAll ,186
3/8/2018 12:04:37,ACCT04\paliderd,ACTION - Edit,1114
3/8/2018 12:04:38,ACCT04\paliderd,BEGIN - IES.DataBridge.Loaders.WhosOnlineLoader.UpdateLastAccessTime ,0
3/8/2018 12:04:38,ACCT04\paliderd,IES.DataBridge.Loaders.WhosOnlineLoader.UpdateLastAccessTime ,286
3/8/2018 12:04:39,ACCT04\paliderd,ACTION - GetSectionsForRevision,861
3/8/2018 12:04:39,ACCT04\paliderd,BEGIN - IES.DataBridge.Loaders.WhosOnlineLoader.UpdateLastAccessTime ,0
3/8/2018 12:04:39,ACCT04\paliderd,IES.DataBridge.Loaders.WhosOnlineLoader.UpdateLastAccessTime ,227
3/8/2018 12:04:39,ACCT04\paliderd,BEGIN - IES.DataBridge.Loaders.RateDetailLoader.GetRatesForRdsbDocument ,0
3/8/2018 12:04:39,ACCT04\paliderd,IES.DataBridge.Loaders.RateDetailLoader.GetRatesForRdsbDocument ,130
3/8/2018 12:04:39,ACCT04\paliderd,ACTION - GetRateCodesForRevision,133
3/8/2018 12:04:48,ACCT04\paliderd,BEGIN - IES.DataBridge.Loaders.WhosOnlineLoader.UpdateLastAccessTime ,0
3/8/2018 12:04:48,ACCT04\paliderd,IES.DataBridge.Loaders.WhosOnlineLoader.UpdateLastAccessTime ,524
3/8/2018 12:04:48,ACCT04\paliderd,BEGIN - GenTRAC.DataBridge.DTO.IUserMapper.GetByNtid UserMapper.GetByNtid,0
3/8/2018 12:04:48,ACCT04\paliderd,GenTRAC.DataBridge.DTO.IUserMapper.GetByNtid UserMapper.GetByNtid,0
3/8/2018 12:04:48,ACCT04\paliderd,BEGIN - IES.DataBridge.Loaders.RevisionLoader.GetAll ,0
3/8/2018 12:04:49,ACCT04\paliderd,IES.DataBridge.Loaders.RevisionLoader.GetAll ,192
3/8/2018 12:04:49,ACCT04\paliderd,ACTION - Save,514
3/15/2018 6:51:30,ACCT04\paliderd,BEGIN - IES.DataBridge.Loaders.WhosOnlineLoader.UpdateLastAccessTime ,0
3/15/2018 6:51:32,ACCT04\paliderd,IES.DataBridge.Loaders.WhosOnlineLoader.UpdateLastAccessTime ,2152
3/15/2018 6:51:32,ACCT04\paliderd,BEGIN - GenTRAC.DataBridge.DTO.IUserMapper.GetByNtid UserMapper.GetByNtid,0
3/15/2018 6:51:32,ACCT04\paliderd,BEGIN - GenTRAC.DataBridge.DTO.UserLoader.UserExists UserLoader.UserExists,0
3/15/2018 6:51:33,ACCT04\paliderd,GenTRAC.DataBridge.DTO.UserLoader.UserExists UserLoader.UserExists,854
3/15/2018 6:51:33,ACCT04\paliderd,BEGIN - GenTRAC.DataBridge.DTO.UserLoader.GetByNtid UserLoader.GetUserByNtid,0
3/15/2018 6:51:33,ACCT04\paliderd,GenTRAC.DataBridge.DTO.UserLoader.GetByNtid UserLoader.GetUserByNtid,176
3/15/2018 6:51:33,ACCT04\paliderd,MISS - GetByNtid -> Key: user_paliderd,179
3/15/2018 6:51:33,ACCT04\paliderd,GenTRAC.DataBridge.DTO.IUserMapper.GetByNtid UserMapper.GetByNtid,1041
3/15/2018 6:51:34,ACCT04\paliderd,BEGIN - GenTRAC.DataBridge.DTO.ProposalLoader.GetAllSlim ProposalLoader.GetAllSlim,0
3/15/2018 6:51:34,ACCT04\paliderd,GenTRAC.DataBridge.DTO.ProposalLoader.GetAllSlim ProposalLoader.GetAllSlim,367
3/15/2018 6:51:34,ACCT04\paliderd,BEGIN - IES.DataBridge.Loaders.RevisionLoader.GetAll ,0
3/15/2018 6:51:34,ACCT04\paliderd,IES.DataBridge.Loaders.RevisionLoader.GetAll ,415
3/15/2018 6:51:36,ACCT04\paliderd,ACTION - Index,4374
3/15/2018 6:51:44,ACCT04\paliderd,BEGIN - IES.DataBridge.Loaders.WhosOnlineLoader.UpdateLastAccessTime ,0
3/15/2018 6:51:44,ACCT04\paliderd,IES.DataBridge.Loaders.WhosOnlineLoader.UpdateLastAccessTime ,276
3/15/2018 6:51:44,ACCT04\paliderd,ACTION - CanViewWhosOnline,1
3/15/2018 7:07:29,ACCT04\paliderd,BEGIN - IES.DataBridge.Loaders.WhosOnlineLoader.UpdateLastAccessTime ,0
3/15/2018 7:07:31,ACCT04\paliderd,IES.DataBridge.Loaders.WhosOnlineLoader.UpdateLastAccessTime ,2023
3/15/2018 7:07:31,ACCT04\paliderd,BEGIN - GenTRAC.DataBridge.DTO.IUserMapper.GetByNtid UserMapper.GetByNtid,0
3/15/2018 7:07:31,ACCT04\paliderd,BEGIN - GenTRAC.DataBridge.DTO.UserLoader.UserExists UserLoader.UserExists,0
3/15/2018 7:07:32,ACCT04\paliderd,GenTRAC.DataBridge.DTO.UserLoader.UserExists UserLoader.UserExists,1227
3/15/2018 7:07:32,ACCT04\paliderd,BEGIN - GenTRAC.DataBridge.DTO.UserLoader.GetByNtid UserLoader.GetUserByNtid,0
3/15/2018 7:07:32,ACCT04\paliderd,GenTRAC.DataBridge.DTO.UserLoader.GetByNtid UserLoader.GetUserByNtid,110
3/15/2018 7:07:32,ACCT04\paliderd,MISS - GetByNtid -> Key: user_paliderd,114
3/15/2018 7:07:32,ACCT04\paliderd,GenTRAC.DataBridge.DTO.IUserMapper.GetByNtid UserMapper.GetByNtid,1353
3/15/2018 7:07:33,ACCT04\paliderd,BEGIN - GenTRAC.DataBridge.DTO.ProposalLoader.GetAllSlim ProposalLoader.GetAllSlim,0
3/15/2018 7:07:34,ACCT04\paliderd,GenTRAC.DataBridge.DTO.ProposalLoader.GetAllSlim ProposalLoader.GetAllSlim,289
3/15/2018 7:07:34,ACCT04\paliderd,BEGIN - IES.DataBridge.Loaders.RevisionLoader.GetAll ,0
3/15/2018 7:07:34,ACCT04\paliderd,IES.DataBridge.Loaders.RevisionLoader.GetAll ,295
3/15/2018 7:07:36,ACCT04\paliderd,ACTION - Index,4776
3/15/2018 7:07:40,ACCT04\paliderd,BEGIN - IES.DataBridge.Loaders.WhosOnlineLoader.UpdateLastAccessTime ,0
3/15/2018 7:07:40,ACCT04\paliderd,IES.DataBridge.Loaders.WhosOnlineLoader.UpdateLastAccessTime ,204
3/15/2018 7:07:40,ACCT04\paliderd,ACTION - CanViewWhosOnline,1
3/26/2018 7:57:18,ACCT04\paliderd,BEGIN - IES.DataBridge.Loaders.WhosOnlineLoader.UpdateLastAccessTime ,0
3/26/2018 7:57:19,ACCT04\paliderd,IES.DataBridge.Loaders.WhosOnlineLoader.UpdateLastAccessTime ,2169
3/26/2018 7:57:20,ACCT04\paliderd,BEGIN - GenTRAC.DataBridge.DTO.IUserMapper.GetByNtid UserMapper.GetByNtid,0
3/26/2018 7:57:20,ACCT04\paliderd,BEGIN - GenTRAC.DataBridge.DTO.UserLoader.UserExists UserLoader.UserExists,0
3/26/2018 7:57:21,ACCT04\paliderd,GenTRAC.DataBridge.DTO.UserLoader.UserExists UserLoader.UserExists,1143
3/26/2018 7:57:21,ACCT04\paliderd,BEGIN - GenTRAC.DataBridge.DTO.UserLoader.GetByNtid UserLoader.GetUserByNtid,0
3/26/2018 7:57:21,ACCT04\paliderd,GenTRAC.DataBridge.DTO.UserLoader.GetByNtid UserLoader.GetUserByNtid,255
3/26/2018 7:57:21,ACCT04\paliderd,MISS - GetByNtid -> Key: user_paliderd,260
3/26/2018 7:57:21,ACCT04\paliderd,GenTRAC.DataBridge.DTO.IUserMapper.GetByNtid UserMapper.GetByNtid,1415
3/26/2018 7:57:23,ACCT04\paliderd,BEGIN - GenTRAC.DataBridge.DTO.ProposalLoader.GetAllSlim ProposalLoader.GetAllSlim,0
3/26/2018 7:57:23,ACCT04\paliderd,GenTRAC.DataBridge.DTO.ProposalLoader.GetAllSlim ProposalLoader.GetAllSlim,387
3/26/2018 7:57:23,ACCT04\paliderd,BEGIN - IES.DataBridge.Loaders.RevisionLoader.GetAll ,0
3/26/2018 7:57:23,ACCT04\paliderd,IES.DataBridge.Loaders.RevisionLoader.GetAll ,263
3/26/2018 7:57:26,ACCT04\paliderd,ACTION - Index,6862
3/26/2018 7:57:35,ACCT04\paliderd,BEGIN - IES.DataBridge.Loaders.WhosOnlineLoader.UpdateLastAccessTime ,0
3/26/2018 7:57:35,ACCT04\paliderd,IES.DataBridge.Loaders.WhosOnlineLoader.UpdateLastAccessTime ,313
3/26/2018 7:57:35,ACCT04\paliderd,ACTION - CanViewWhosOnline,1
3/27/2018 7:43:27,ACCT04\paliderd,BEGIN - IES.DataBridge.Loaders.WhosOnlineLoader.UpdateLastAccessTime ,0
3/27/2018 7:43:29,ACCT04\paliderd,IES.DataBridge.Loaders.WhosOnlineLoader.UpdateLastAccessTime ,1317
3/27/2018 7:43:29,ACCT04\paliderd,BEGIN - GenTRAC.DataBridge.DTO.IUserMapper.GetByNtid UserMapper.GetByNtid,0
3/27/2018 7:43:29,ACCT04\paliderd,BEGIN - GenTRAC.DataBridge.DTO.UserLoader.UserExists UserLoader.UserExists,0
3/27/2018 7:43:29,ACCT04\paliderd,GenTRAC.DataBridge.DTO.UserLoader.UserExists UserLoader.UserExists,766
3/27/2018 7:43:29,ACCT04\paliderd,BEGIN - GenTRAC.DataBridge.DTO.UserLoader.GetByNtid UserLoader.GetUserByNtid,0
3/27/2018 7:43:29,ACCT04\paliderd,GenTRAC.DataBridge.DTO.UserLoader.GetByNtid UserLoader.GetUserByNtid,100
3/27/2018 7:43:29,ACCT04\paliderd,MISS - GetByNtid -> Key: user_paliderd,103
3/27/2018 7:43:29,ACCT04\paliderd,GenTRAC.DataBridge.DTO.IUserMapper.GetByNtid UserMapper.GetByNtid,878
3/27/2018 7:43:31,ACCT04\paliderd,BEGIN - GenTRAC.DataBridge.DTO.ProposalLoader.GetAllSlim ProposalLoader.GetAllSlim,0
3/27/2018 7:43:31,ACCT04\paliderd,GenTRAC.DataBridge.DTO.ProposalLoader.GetAllSlim ProposalLoader.GetAllSlim,286
3/27/2018 7:43:31,ACCT04\paliderd,BEGIN - IES.DataBridge.Loaders.RevisionLoader.GetAll ,0
3/27/2018 7:43:31,ACCT04\paliderd,IES.DataBridge.Loaders.RevisionLoader.GetAll ,203
3/27/2018 7:43:33,ACCT04\paliderd,ACTION - Index,4347
3/27/2018 7:43:39,ACCT04\paliderd,BEGIN - IES.DataBridge.Loaders.WhosOnlineLoader.UpdateLastAccessTime ,0
3/27/2018 7:43:39,ACCT04\paliderd,IES.DataBridge.Loaders.WhosOnlineLoader.UpdateLastAccessTime ,195
3/27/2018 7:43:39,ACCT04\paliderd,ACTION - CanViewWhosOnline,2
4/19/2018 16:24:00,ACCT04\paliderd,BEGIN - IES.DataBridge.Loaders.WhosOnlineLoader.UpdateLastAccessTime ,0
4/19/2018 16:24:01,ACCT04\paliderd,IES.DataBridge.Loaders.WhosOnlineLoader.UpdateLastAccessTime ,1955
4/19/2018 16:24:02,ACCT04\paliderd,BEGIN - GenTRAC.DataBridge.DTO.IUserMapper.GetByNtid UserMapper.GetByNtid,0
4/19/2018 16:24:02,ACCT04\paliderd,BEGIN - GenTRAC.DataBridge.DTO.UserLoader.UserExists UserLoader.UserExists,0
4/19/2018 16:24:03,ACCT04\paliderd,GenTRAC.DataBridge.DTO.UserLoader.UserExists UserLoader.UserExists,1239
4/19/2018 16:24:03,ACCT04\paliderd,BEGIN - GenTRAC.DataBridge.DTO.UserLoader.GetByNtid UserLoader.GetUserByNtid,0
4/19/2018 16:24:03,ACCT04\paliderd,GenTRAC.DataBridge.DTO.UserLoader.GetByNtid UserLoader.GetUserByNtid,177
4/19/2018 16:24:03,ACCT04\paliderd,MISS - GetByNtid -> Key: user_paliderd,183
4/19/2018 16:24:03,ACCT04\paliderd,GenTRAC.DataBridge.DTO.IUserMapper.GetByNtid UserMapper.GetByNtid,1437
4/19/2018 16:24:05,ACCT04\paliderd,BEGIN - GenTRAC.DataBridge.DTO.ProposalLoader.GetAllSlim ProposalLoader.GetAllSlim,0
4/19/2018 16:24:07,ACCT04\paliderd,GenTRAC.DataBridge.DTO.ProposalLoader.GetAllSlim ProposalLoader.GetAllSlim,1839
4/19/2018 16:24:07,ACCT04\paliderd,BEGIN - IES.DataBridge.Loaders.RevisionLoader.GetAll ,0
4/19/2018 16:24:07,ACCT04\paliderd,IES.DataBridge.Loaders.RevisionLoader.GetAll ,288
4/19/2018 16:24:10,ACCT04\paliderd,ACTION - Index,8213
4/19/2018 16:24:19,ACCT04\paliderd,BEGIN - IES.DataBridge.Loaders.WhosOnlineLoader.UpdateLastAccessTime ,0
4/19/2018 16:24:19,ACCT04\paliderd,IES.DataBridge.Loaders.WhosOnlineLoader.UpdateLastAccessTime ,228
4/19/2018 16:24:19,ACCT04\paliderd,ACTION - CanViewWhosOnline,2
4/19/2018 16:24:38,ACCT04\paliderd,BEGIN - IES.DataBridge.Loaders.WhosOnlineLoader.UpdateLastAccessTime ,0
4/19/2018 16:24:38,ACCT04\paliderd,IES.DataBridge.Loaders.WhosOnlineLoader.UpdateLastAccessTime ,536
4/19/2018 16:24:38,ACCT04\paliderd,BEGIN - GenTRAC.DataBridge.DTO.IUserMapper.GetByNtid UserMapper.GetByNtid,0
4/19/2018 16:24:38,ACCT04\paliderd,BEGIN - GenTRAC.DataBridge.DTO.UserLoader.UserExists UserLoader.UserExists,0
4/19/2018 16:24:38,ACCT04\paliderd,GenTRAC.DataBridge.DTO.UserLoader.UserExists UserLoader.UserExists,145
4/19/2018 16:24:38,ACCT04\paliderd,GenTRAC.DataBridge.DTO.IUserMapper.GetByNtid UserMapper.GetByNtid,145
4/19/2018 16:24:39,ACCT04\paliderd,BEGIN - GenTRAC.DataBridge.DTO.ProposalLoader.GetByIds ProposalLoader.GetByIds,0
4/19/2018 16:24:39,ACCT04\paliderd,GenTRAC.DataBridge.DTO.ProposalLoader.GetByIds ProposalLoader.GetByIds,370
4/19/2018 16:24:39,ACCT04\paliderd,BEGIN - IES.DataBridge.Loaders.RevisionLoader.GetAll ,0
4/19/2018 16:24:39,ACCT04\paliderd,IES.DataBridge.Loaders.RevisionLoader.GetAll ,116
4/19/2018 16:24:39,ACCT04\paliderd,ACTION - Edit,1165
4/19/2018 16:24:41,ACCT04\paliderd,BEGIN - IES.DataBridge.Loaders.WhosOnlineLoader.UpdateLastAccessTime ,0
4/19/2018 16:24:41,ACCT04\paliderd,IES.DataBridge.Loaders.WhosOnlineLoader.UpdateLastAccessTime ,228
4/19/2018 16:24:50,ACCT04\paliderd,ACTION - GetSectionsForRevision,8875
4/19/2018 16:24:50,ACCT04\paliderd,BEGIN - IES.DataBridge.Loaders.WhosOnlineLoader.UpdateLastAccessTime ,0
4/19/2018 16:24:50,ACCT04\paliderd,IES.DataBridge.Loaders.WhosOnlineLoader.UpdateLastAccessTime ,230
4/19/2018 16:24:50,ACCT04\paliderd,BEGIN - IES.DataBridge.Loaders.RateDetailLoader.GetRatesForRdsbDocument ,0
4/19/2018 16:24:50,ACCT04\paliderd,IES.DataBridge.Loaders.RateDetailLoader.GetRatesForRdsbDocument ,203
4/19/2018 16:24:50,ACCT04\paliderd,ACTION - GetRateCodesForRevision,206
4/19/2018 16:47:34,ACCT04\paliderd,BEGIN - IES.DataBridge.Loaders.WhosOnlineLoader.UpdateLastAccessTime ,0
4/19/2018 16:47:35,ACCT04\paliderd,IES.DataBridge.Loaders.WhosOnlineLoader.UpdateLastAccessTime ,2076
4/19/2018 16:47:35,ACCT04\paliderd,BEGIN - GenTRAC.DataBridge.DTO.IUserMapper.GetByNtid UserMapper.GetByNtid,0
4/19/2018 16:47:36,ACCT04\paliderd,BEGIN - GenTRAC.DataBridge.DTO.UserLoader.UserExists UserLoader.UserExists,0
4/19/2018 16:47:36,ACCT04\paliderd,GenTRAC.DataBridge.DTO.UserLoader.UserExists UserLoader.UserExists,889
4/19/2018 16:47:36,ACCT04\paliderd,BEGIN - GenTRAC.DataBridge.DTO.UserLoader.GetByNtid UserLoader.GetUserByNtid,0
4/19/2018 16:47:37,ACCT04\paliderd,GenTRAC.DataBridge.DTO.UserLoader.GetByNtid UserLoader.GetUserByNtid,169
4/19/2018 16:47:37,ACCT04\paliderd,MISS - GetByNtid -> Key: user_paliderd,172
4/19/2018 16:47:37,ACCT04\paliderd,GenTRAC.DataBridge.DTO.IUserMapper.GetByNtid UserMapper.GetByNtid,1073
4/19/2018 16:47:39,ACCT04\paliderd,BEGIN - GenTRAC.DataBridge.DTO.ProposalLoader.GetAllSlim ProposalLoader.GetAllSlim,0
4/19/2018 16:47:39,ACCT04\paliderd,GenTRAC.DataBridge.DTO.ProposalLoader.GetAllSlim ProposalLoader.GetAllSlim,528
4/19/2018 16:47:39,ACCT04\paliderd,BEGIN - IES.DataBridge.Loaders.RevisionLoader.GetAll ,0
4/19/2018 16:47:39,ACCT04\paliderd,IES.DataBridge.Loaders.RevisionLoader.GetAll ,307
4/19/2018 16:47:42,ACCT04\paliderd,ACTION - Index,6757
4/19/2018 16:47:46,ACCT04\paliderd,BEGIN - IES.DataBridge.Loaders.WhosOnlineLoader.UpdateLastAccessTime ,0
4/19/2018 16:47:47,ACCT04\paliderd,IES.DataBridge.Loaders.WhosOnlineLoader.UpdateLastAccessTime ,357
4/19/2018 16:47:47,ACCT04\paliderd,ACTION - CanViewWhosOnline,1
4/19/2018 16:47:56,ACCT04\paliderd,BEGIN - IES.DataBridge.Loaders.WhosOnlineLoader.UpdateLastAccessTime ,0
4/19/2018 16:47:57,ACCT04\paliderd,IES.DataBridge.Loaders.WhosOnlineLoader.UpdateLastAccessTime ,403
4/19/2018 16:47:57,ACCT04\paliderd,BEGIN - GenTRAC.DataBridge.DTO.IUserMapper.GetByNtid UserMapper.GetByNtid,0
4/19/2018 16:47:57,ACCT04\paliderd,GenTRAC.DataBridge.DTO.IUserMapper.GetByNtid UserMapper.GetByNtid,0
4/19/2018 16:47:57,ACCT04\paliderd,BEGIN - GenTRAC.DataBridge.DTO.ProposalLoader.GetByIds ProposalLoader.GetByIds,0
4/19/2018 16:47:57,ACCT04\paliderd,GenTRAC.DataBridge.DTO.ProposalLoader.GetByIds ProposalLoader.GetByIds,345
4/19/2018 16:47:57,ACCT04\paliderd,BEGIN - IES.DataBridge.Loaders.RevisionLoader.GetAll ,0
4/19/2018 16:47:58,ACCT04\paliderd,IES.DataBridge.Loaders.RevisionLoader.GetAll ,125
4/19/2018 16:47:58,ACCT04\paliderd,ACTION - Edit,984
4/19/2018 16:47:58,ACCT04\paliderd,BEGIN - IES.DataBridge.Loaders.WhosOnlineLoader.UpdateLastAccessTime ,0
4/19/2018 16:47:59,ACCT04\paliderd,IES.DataBridge.Loaders.WhosOnlineLoader.UpdateLastAccessTime ,1024
4/19/2018 16:48:02,ACCT04\paliderd,ACTION - GetSectionsForRevision,2484
4/19/2018 16:48:02,ACCT04\paliderd,BEGIN - IES.DataBridge.Loaders.WhosOnlineLoader.UpdateLastAccessTime ,0
4/19/2018 16:48:02,ACCT04\paliderd,IES.DataBridge.Loaders.WhosOnlineLoader.UpdateLastAccessTime ,274
4/19/2018 16:48:02,ACCT04\paliderd,BEGIN - IES.DataBridge.Loaders.RateDetailLoader.GetRatesForRdsbDocument ,0
4/19/2018 16:48:02,ACCT04\paliderd,IES.DataBridge.Loaders.RateDetailLoader.GetRatesForRdsbDocument ,170
4/19/2018 16:48:02,ACCT04\paliderd,ACTION - GetRateCodesForRevision,174
4/19/2018 16:48:34,ACCT04\paliderd,BEGIN - IES.DataBridge.Loaders.WhosOnlineLoader.UpdateLastAccessTime ,0
4/19/2018 16:48:35,ACCT04\paliderd,IES.DataBridge.Loaders.WhosOnlineLoader.UpdateLastAccessTime ,1088
4/19/2018 16:48:35,ACCT04\paliderd,BEGIN - GenTRAC.DataBridge.DTO.IUserMapper.GetByNtid UserMapper.GetByNtid,0
4/19/2018 16:48:35,ACCT04\paliderd,BEGIN - GenTRAC.DataBridge.DTO.UserLoader.UserExists UserLoader.UserExists,0
4/19/2018 16:48:35,ACCT04\paliderd,GenTRAC.DataBridge.DTO.UserLoader.UserExists UserLoader.UserExists,134
4/19/2018 16:48:35,ACCT04\paliderd,GenTRAC.DataBridge.DTO.IUserMapper.GetByNtid UserMapper.GetByNtid,134
4/19/2018 16:48:36,ACCT04\paliderd,BEGIN - GenTRAC.DataBridge.DTO.ProposalLoader.GetByIds ProposalLoader.GetByIds,0
4/19/2018 16:48:36,ACCT04\paliderd,GenTRAC.DataBridge.DTO.ProposalLoader.GetByIds ProposalLoader.GetByIds,153
4/19/2018 16:48:37,ACCT04\paliderd,BEGIN - IES.DataBridge.Loaders.RevisionLoader.GetAll ,0
4/19/2018 16:48:37,ACCT04\paliderd,IES.DataBridge.Loaders.RevisionLoader.GetAll ,442
4/19/2018 16:48:37,ACCT04\paliderd,ACTION - Edit,1648
4/19/2018 16:48:38,ACCT04\paliderd,BEGIN - IES.DataBridge.Loaders.WhosOnlineLoader.UpdateLastAccessTime ,0
4/19/2018 16:48:38,ACCT04\paliderd,IES.DataBridge.Loaders.WhosOnlineLoader.UpdateLastAccessTime ,292
4/19/2018 16:48:40,ACCT04\paliderd,ACTION - GetSectionsForRevision,2122
4/19/2018 16:48:40,ACCT04\paliderd,BEGIN - IES.DataBridge.Loaders.WhosOnlineLoader.UpdateLastAccessTime ,0
4/19/2018 16:48:41,ACCT04\paliderd,IES.DataBridge.Loaders.WhosOnlineLoader.UpdateLastAccessTime ,320
4/19/2018 16:48:41,ACCT04\paliderd,BEGIN - IES.DataBridge.Loaders.RateDetailLoader.GetRatesForRdsbDocument ,0
4/19/2018 16:48:41,ACCT04\paliderd,IES.DataBridge.Loaders.RateDetailLoader.GetRatesForRdsbDocument ,129
4/19/2018 16:48:41,ACCT04\paliderd,ACTION - GetRateCodesForRevision,129
4/19/2018 16:49:08,ACCT04\paliderd,BEGIN - IES.DataBridge.Loaders.WhosOnlineLoader.UpdateLastAccessTime ,0
4/19/2018 16:49:09,ACCT04\paliderd,IES.DataBridge.Loaders.WhosOnlineLoader.UpdateLastAccessTime ,537
4/19/2018 16:49:09,ACCT04\paliderd,BEGIN - GenTRAC.DataBridge.DTO.IUserMapper.GetByNtid UserMapper.GetByNtid,0
4/19/2018 16:49:09,ACCT04\paliderd,BEGIN - GenTRAC.DataBridge.DTO.UserLoader.UserExists UserLoader.UserExists,0
4/19/2018 16:49:09,ACCT04\paliderd,GenTRAC.DataBridge.DTO.UserLoader.UserExists UserLoader.UserExists,266
4/19/2018 16:49:09,ACCT04\paliderd,GenTRAC.DataBridge.DTO.IUserMapper.GetByNtid UserMapper.GetByNtid,266
4/19/2018 16:49:09,ACCT04\paliderd,BEGIN - GenTRAC.DataBridge.DTO.ProposalLoader.GetByIds ProposalLoader.GetByIds,0
4/19/2018 16:49:10,ACCT04\paliderd,GenTRAC.DataBridge.DTO.ProposalLoader.GetByIds ProposalLoader.GetByIds,400
4/19/2018 16:49:10,ACCT04\paliderd,BEGIN - IES.DataBridge.Loaders.RevisionLoader.GetAll ,0
4/19/2018 16:49:10,ACCT04\paliderd,IES.DataBridge.Loaders.RevisionLoader.GetAll ,119
4/19/2018 16:49:10,ACCT04\paliderd,ACTION - Edit,1538
4/19/2018 16:49:13,ACCT04\paliderd,BEGIN - IES.DataBridge.Loaders.WhosOnlineLoader.UpdateLastAccessTime ,0
4/19/2018 16:49:13,ACCT04\paliderd,IES.DataBridge.Loaders.WhosOnlineLoader.UpdateLastAccessTime ,749
4/19/2018 16:49:22,ACCT04\paliderd,ACTION - GetSectionsForRevision,9036
4/19/2018 16:49:23,ACCT04\paliderd,BEGIN - IES.DataBridge.Loaders.WhosOnlineLoader.UpdateLastAccessTime ,0
4/19/2018 16:49:23,ACCT04\paliderd,IES.DataBridge.Loaders.WhosOnlineLoader.UpdateLastAccessTime ,284
4/19/2018 16:49:23,ACCT04\paliderd,BEGIN - IES.DataBridge.Loaders.RateDetailLoader.GetRatesForRdsbDocument ,0
4/19/2018 16:49:23,ACCT04\paliderd,IES.DataBridge.Loaders.RateDetailLoader.GetRatesForRdsbDocument ,121
4/19/2018 16:49:23,ACCT04\paliderd,ACTION - GetRateCodesForRevision,121
4/19/2018 16:51:06,ACCT04\paliderd,BEGIN - IES.DataBridge.Loaders.WhosOnlineLoader.UpdateLastAccessTime ,0
4/19/2018 16:51:06,ACCT04\paliderd,IES.DataBridge.Loaders.WhosOnlineLoader.UpdateLastAccessTime ,286
4/19/2018 16:51:06,ACCT04\paliderd,BEGIN - GenTRAC.DataBridge.DTO.IUserMapper.GetByNtid UserMapper.GetByNtid,0
4/19/2018 16:51:06,ACCT04\paliderd,BEGIN - GenTRAC.DataBridge.DTO.UserLoader.UserExists UserLoader.UserExists,0
4/19/2018 16:51:07,ACCT04\paliderd,GenTRAC.DataBridge.DTO.UserLoader.UserExists UserLoader.UserExists,107
4/19/2018 16:51:07,ACCT04\paliderd,GenTRAC.DataBridge.DTO.IUserMapper.GetByNtid UserMapper.GetByNtid,107
4/19/2018 16:51:07,ACCT04\paliderd,BEGIN - GenTRAC.DataBridge.DTO.ProposalLoader.GetByIds ProposalLoader.GetByIds,0
4/19/2018 16:51:07,ACCT04\paliderd,GenTRAC.DataBridge.DTO.ProposalLoader.GetByIds ProposalLoader.GetByIds,228
4/19/2018 16:51:07,ACCT04\paliderd,BEGIN - IES.DataBridge.Loaders.RevisionLoader.GetAll ,0
4/19/2018 16:51:07,ACCT04\paliderd,IES.DataBridge.Loaders.RevisionLoader.GetAll ,122
4/19/2018 16:51:07,ACCT04\paliderd,ACTION - Edit,1016
4/19/2018 16:51:09,ACCT04\paliderd,BEGIN - IES.DataBridge.Loaders.WhosOnlineLoader.UpdateLastAccessTime ,0
4/19/2018 16:51:09,ACCT04\paliderd,IES.DataBridge.Loaders.WhosOnlineLoader.UpdateLastAccessTime ,288
4/19/2018 16:51:11,ACCT04\paliderd,ACTION - GetSectionsForRevision,1680
4/19/2018 16:51:11,ACCT04\paliderd,BEGIN - IES.DataBridge.Loaders.WhosOnlineLoader.UpdateLastAccessTime ,0
4/19/2018 16:51:11,ACCT04\paliderd,IES.DataBridge.Loaders.WhosOnlineLoader.UpdateLastAccessTime ,298
4/19/2018 16:51:11,ACCT04\paliderd,BEGIN - IES.DataBridge.Loaders.RateDetailLoader.GetRatesForRdsbDocument ,0
4/19/2018 16:51:12,ACCT04\paliderd,IES.DataBridge.Loaders.RateDetailLoader.GetRatesForRdsbDocument ,140
4/19/2018 16:51:12,ACCT04\paliderd,ACTION - GetRateCodesForRevision,140
4/19/2018 16:52:22,ACCT04\paliderd,BEGIN - IES.DataBridge.Loaders.WhosOnlineLoader.UpdateLastAccessTime ,0
4/19/2018 16:52:23,ACCT04\paliderd,IES.DataBridge.Loaders.WhosOnlineLoader.UpdateLastAccessTime ,335
4/19/2018 16:52:23,ACCT04\paliderd,BEGIN - GenTRAC.DataBridge.DTO.IUserMapper.GetByNtid UserMapper.GetByNtid,0
4/19/2018 16:52:23,ACCT04\paliderd,BEGIN - GenTRAC.DataBridge.DTO.UserLoader.UserExists UserLoader.UserExists,0
4/19/2018 16:52:23,ACCT04\paliderd,GenTRAC.DataBridge.DTO.UserLoader.UserExists UserLoader.UserExists,133
4/19/2018 16:52:23,ACCT04\paliderd,GenTRAC.DataBridge.DTO.IUserMapper.GetByNtid UserMapper.GetByNtid,134
4/19/2018 16:52:23,ACCT04\paliderd,BEGIN - GenTRAC.DataBridge.DTO.ProposalLoader.GetByIds ProposalLoader.GetByIds,0
4/19/2018 16:52:23,ACCT04\paliderd,GenTRAC.DataBridge.DTO.ProposalLoader.GetByIds ProposalLoader.GetByIds,186
4/19/2018 16:52:23,ACCT04\paliderd,BEGIN - IES.DataBridge.Loaders.RevisionLoader.GetAll ,0
4/19/2018 16:52:24,ACCT04\paliderd,IES.DataBridge.Loaders.RevisionLoader.GetAll ,142
4/19/2018 16:52:24,ACCT04\paliderd,ACTION - Edit,937
4/19/2018 16:52:25,ACCT04\paliderd,BEGIN - IES.DataBridge.Loaders.WhosOnlineLoader.UpdateLastAccessTime ,0
4/19/2018 16:52:26,ACCT04\paliderd,IES.DataBridge.Loaders.WhosOnlineLoader.UpdateLastAccessTime ,312
4/19/2018 16:52:27,ACCT04\paliderd,ACTION - GetSectionsForRevision,1717
4/19/2018 16:52:28,ACCT04\paliderd,BEGIN - IES.DataBridge.Loaders.WhosOnlineLoader.UpdateLastAccessTime ,0
4/19/2018 16:52:28,ACCT04\paliderd,IES.DataBridge.Loaders.WhosOnlineLoader.UpdateLastAccessTime ,332
4/19/2018 16:52:28,ACCT04\paliderd,BEGIN - IES.DataBridge.Loaders.RateDetailLoader.GetRatesForRdsbDocument ,0
4/19/2018 16:52:29,ACCT04\paliderd,IES.DataBridge.Loaders.RateDetailLoader.GetRatesForRdsbDocument ,133
4/19/2018 16:52:29,ACCT04\paliderd,ACTION - GetRateCodesForRevision,133
4/19/2018 16:53:56,ACCT04\paliderd,BEGIN - IES.DataBridge.Loaders.WhosOnlineLoader.UpdateLastAccessTime ,0
4/19/2018 16:53:59,ACCT04\paliderd,IES.DataBridge.Loaders.WhosOnlineLoader.UpdateLastAccessTime ,2922
4/19/2018 16:53:59,ACCT04\paliderd,BEGIN - GenTRAC.DataBridge.DTO.IUserMapper.GetByNtid UserMapper.GetByNtid,0
4/19/2018 16:53:59,ACCT04\paliderd,BEGIN - GenTRAC.DataBridge.DTO.UserLoader.UserExists UserLoader.UserExists,0
4/19/2018 16:53:59,ACCT04\paliderd,GenTRAC.DataBridge.DTO.UserLoader.UserExists UserLoader.UserExists,578
4/19/2018 16:53:59,ACCT04\paliderd,GenTRAC.DataBridge.DTO.IUserMapper.GetByNtid UserMapper.GetByNtid,579
4/19/2018 16:54:04,ACCT04\paliderd,BEGIN - GenTRAC.DataBridge.DTO.ProposalLoader.GetByIds ProposalLoader.GetByIds,0
4/19/2018 16:54:05,ACCT04\paliderd,GenTRAC.DataBridge.DTO.ProposalLoader.GetByIds ProposalLoader.GetByIds,220
4/19/2018 16:54:07,ACCT04\paliderd,BEGIN - IES.DataBridge.Loaders.RevisionLoader.GetAll ,0
4/19/2018 16:54:09,ACCT04\paliderd,IES.DataBridge.Loaders.RevisionLoader.GetAll ,2153
4/19/2018 16:54:09,ACCT04\paliderd,ACTION - Edit,10182
4/19/2018 16:54:11,ACCT04\paliderd,BEGIN - IES.DataBridge.Loaders.WhosOnlineLoader.UpdateLastAccessTime ,0
4/19/2018 16:54:12,ACCT04\paliderd,IES.DataBridge.Loaders.WhosOnlineLoader.UpdateLastAccessTime ,1092
4/19/2018 16:54:21,ACCT04\paliderd,ACTION - GetSectionsForRevision,9205
4/19/2018 16:54:21,ACCT04\paliderd,BEGIN - IES.DataBridge.Loaders.WhosOnlineLoader.UpdateLastAccessTime ,0
4/19/2018 16:54:22,ACCT04\paliderd,IES.DataBridge.Loaders.WhosOnlineLoader.UpdateLastAccessTime ,971
4/19/2018 16:54:22,ACCT04\paliderd,BEGIN - IES.DataBridge.Loaders.RateDetailLoader.GetRatesForRdsbDocument ,0
4/19/2018 16:54:23,ACCT04\paliderd,IES.DataBridge.Loaders.RateDetailLoader.GetRatesForRdsbDocument ,568
4/19/2018 16:54:23,ACCT04\paliderd,ACTION - GetRateCodesForRevision,568
4/19/2018 17:49:15,ACCT04\paliderd,BEGIN - IES.DataBridge.Loaders.WhosOnlineLoader.UpdateLastAccessTime ,0
4/19/2018 17:49:18,ACCT04\paliderd,IES.DataBridge.Loaders.WhosOnlineLoader.UpdateLastAccessTime ,2878
4/19/2018 17:49:18,ACCT04\paliderd,BEGIN - GenTRAC.DataBridge.DTO.IUserMapper.GetByNtid UserMapper.GetByNtid,0
4/19/2018 17:49:18,ACCT04\paliderd,BEGIN - GenTRAC.DataBridge.DTO.UserLoader.UserExists UserLoader.UserExists,0
4/19/2018 17:49:19,ACCT04\paliderd,GenTRAC.DataBridge.DTO.UserLoader.UserExists UserLoader.UserExists,1012
4/19/2018 17:49:19,ACCT04\paliderd,BEGIN - GenTRAC.DataBridge.DTO.UserLoader.GetByNtid UserLoader.GetUserByNtid,0
4/19/2018 17:49:19,ACCT04\paliderd,GenTRAC.DataBridge.DTO.UserLoader.GetByNtid UserLoader.GetUserByNtid,284
4/19/2018 17:49:19,ACCT04\paliderd,MISS - GetByNtid -> Key: user_paliderd,287
4/19/2018 17:49:19,ACCT04\paliderd,GenTRAC.DataBridge.DTO.IUserMapper.GetByNtid UserMapper.GetByNtid,1307
4/19/2018 17:49:21,ACCT04\paliderd,BEGIN - GenTRAC.DataBridge.DTO.ProposalLoader.GetAllSlim ProposalLoader.GetAllSlim,0
4/19/2018 17:49:21,ACCT04\paliderd,GenTRAC.DataBridge.DTO.ProposalLoader.GetAllSlim ProposalLoader.GetAllSlim,416
4/19/2018 17:49:21,ACCT04\paliderd,BEGIN - IES.DataBridge.Loaders.RevisionLoader.GetAll ,0
4/19/2018 17:49:21,ACCT04\paliderd,IES.DataBridge.Loaders.RevisionLoader.GetAll ,300
4/19/2018 17:49:25,ACCT04\paliderd,ACTION - Index,7509
4/19/2018 17:49:33,ACCT04\paliderd,BEGIN - IES.DataBridge.Loaders.WhosOnlineLoader.UpdateLastAccessTime ,0
4/19/2018 17:49:34,ACCT04\paliderd,IES.DataBridge.Loaders.WhosOnlineLoader.UpdateLastAccessTime ,712
4/19/2018 17:49:34,ACCT04\paliderd,ACTION - CanViewWhosOnline,1
4/19/2018 17:49:38,ACCT04\paliderd,BEGIN - IES.DataBridge.Loaders.WhosOnlineLoader.UpdateLastAccessTime ,0
4/19/2018 17:49:39,ACCT04\paliderd,IES.DataBridge.Loaders.WhosOnlineLoader.UpdateLastAccessTime ,309
4/19/2018 17:49:39,ACCT04\paliderd,BEGIN - GenTRAC.DataBridge.DTO.IUserMapper.GetByNtid UserMapper.GetByNtid,0
4/19/2018 17:49:39,ACCT04\paliderd,GenTRAC.DataBridge.DTO.IUserMapper.GetByNtid UserMapper.GetByNtid,0
4/19/2018 17:49:39,ACCT04\paliderd,BEGIN - GenTRAC.DataBridge.DTO.ProposalLoader.GetByIds ProposalLoader.GetByIds,0
4/19/2018 17:49:39,ACCT04\paliderd,GenTRAC.DataBridge.DTO.ProposalLoader.GetByIds ProposalLoader.GetByIds,420
4/19/2018 17:49:40,ACCT04\paliderd,BEGIN - IES.DataBridge.Loaders.RevisionLoader.GetAll ,0
4/19/2018 17:49:40,ACCT04\paliderd,IES.DataBridge.Loaders.RevisionLoader.GetAll ,180
4/19/2018 17:49:40,ACCT04\paliderd,ACTION - Edit,1256
4/19/2018 17:49:41,ACCT04\paliderd,BEGIN - IES.DataBridge.Loaders.WhosOnlineLoader.UpdateLastAccessTime ,0
4/19/2018 17:49:41,ACCT04\paliderd,IES.DataBridge.Loaders.WhosOnlineLoader.UpdateLastAccessTime ,422
4/19/2018 17:49:44,ACCT04\paliderd,ACTION - GetSectionsForRevision,2969
4/19/2018 17:49:45,ACCT04\paliderd,BEGIN - IES.DataBridge.Loaders.WhosOnlineLoader.UpdateLastAccessTime ,0
4/19/2018 17:49:45,ACCT04\paliderd,IES.DataBridge.Loaders.WhosOnlineLoader.UpdateLastAccessTime ,302
4/19/2018 17:49:45,ACCT04\paliderd,BEGIN - IES.DataBridge.Loaders.RateDetailLoader.GetRatesForRdsbDocument ,0
4/19/2018 17:49:45,ACCT04\paliderd,IES.DataBridge.Loaders.RateDetailLoader.GetRatesForRdsbDocument ,223
4/19/2018 17:49:45,ACCT04\paliderd,ACTION - GetRateCodesForRevision,227
4/19/2018 17:49:50,ACCT04\paliderd,BEGIN - IES.DataBridge.Loaders.WhosOnlineLoader.UpdateLastAccessTime ,0
4/19/2018 17:49:50,ACCT04\paliderd,IES.DataBridge.Loaders.WhosOnlineLoader.UpdateLastAccessTime ,285
4/19/2018 17:49:50,ACCT04\paliderd,BEGIN - GenTRAC.DataBridge.DTO.IUserMapper.GetByNtid UserMapper.GetByNtid,0
4/19/2018 17:49:50,ACCT04\paliderd,GenTRAC.DataBridge.DTO.IUserMapper.GetByNtid UserMapper.GetByNtid,0
4/19/2018 17:49:50,ACCT04\paliderd,BEGIN - IES.DataBridge.Loaders.RevisionLoader.GetAll ,0
4/19/2018 17:49:50,ACCT04\paliderd,IES.DataBridge.Loaders.RevisionLoader.GetAll ,156
4/19/2018 17:49:50,ACCT04\paliderd,BEGIN - IES.DataBridge.Loaders.RateDetailLoader.GetRatesForRdsbDocument ,0
4/19/2018 17:49:51,ACCT04\paliderd,IES.DataBridge.Loaders.RateDetailLoader.GetRatesForRdsbDocument ,146
4/19/2018 17:49:52,ACCT04\paliderd,BEGIN - IES.DataBridge.Common.DataLoader`1[[IES.DataBridge.ModelViews.DocumentDetailModelView, IES.DataBridge, Version=1.0.0.0, Culture=neutral, PublicKeyToken=null]].Save ,0
4/19/2018 17:49:52,ACCT04\paliderd,BEGIN - IES.DataBridge.Common.DataLoader`1[[IES.DataBridge.ModelViews.DocumentDetailModelView, IES.DataBridge, Version=1.0.0.0, Culture=neutral, PublicKeyToken=null]].Upsert ,0
4/19/2018 17:49:53,ACCT04\paliderd,IES.DataBridge.Common.DataLoader`1[[IES.DataBridge.ModelViews.DocumentDetailModelView, IES.DataBridge, Version=1.0.0.0, Culture=neutral, PublicKeyToken=null]].Upsert ,339
4/19/2018 17:49:53,ACCT04\paliderd,BEGIN - IES.DataBridge.Common.DataLoader`1[[IES.DataBridge.ModelViews.RdsbRateCodeXrefModelView, IES.DataBridge, Version=1.0.0.0, Culture=neutral, PublicKeyToken=null]].BulkSave ,0
4/19/2018 17:49:53,ACCT04\paliderd,IES.DataBridge.Common.DataLoader`1[[IES.DataBridge.ModelViews.RdsbRateCodeXrefModelView, IES.DataBridge, Version=1.0.0.0, Culture=neutral, PublicKeyToken=null]].BulkSave ,389
4/19/2018 17:49:53,ACCT04\paliderd,BEGIN - IES.DataBridge.Common.DataLoader`1[[IES.DataBridge.ModelViews.RdsbSectionXrefModelView, IES.DataBridge, Version=1.0.0.0, Culture=neutral, PublicKeyToken=null]].BulkSave ,0
4/19/2018 17:49:53,ACCT04\paliderd,IES.DataBridge.Common.DataLoader`1[[IES.DataBridge.ModelViews.RdsbSectionXrefModelView, IES.DataBridge, Version=1.0.0.0, Culture=neutral, PublicKeyToken=null]].BulkSave ,285
4/19/2018 17:49:53,ACCT04\paliderd,IES.DataBridge.Common.DataLoader`1[[IES.DataBridge.ModelViews.DocumentDetailModelView, IES.DataBridge, Version=1.0.0.0, Culture=neutral, PublicKeyToken=null]].Save ,1022
4/19/2018 17:49:54,ACCT04\paliderd,ACTION - Save,3543
4/19/2018 17:50:47,ACCT04\paliderd,BEGIN - IES.DataBridge.Loaders.WhosOnlineLoader.UpdateLastAccessTime ,0
4/19/2018 17:50:48,ACCT04\paliderd,IES.DataBridge.Loaders.WhosOnlineLoader.UpdateLastAccessTime ,606
4/19/2018 17:50:48,ACCT04\paliderd,BEGIN - GenTRAC.DataBridge.DTO.IUserMapper.GetByNtid UserMapper.GetByNtid,0
4/19/2018 17:50:48,ACCT04\paliderd,BEGIN - GenTRAC.DataBridge.DTO.UserLoader.UserExists UserLoader.UserExists,0
4/19/2018 17:50:48,ACCT04\paliderd,GenTRAC.DataBridge.DTO.UserLoader.UserExists UserLoader.UserExists,248
4/19/2018 17:50:48,ACCT04\paliderd,GenTRAC.DataBridge.DTO.IUserMapper.GetByNtid UserMapper.GetByNtid,248
4/19/2018 17:50:49,ACCT04\paliderd,BEGIN - GenTRAC.DataBridge.DTO.ProposalLoader.GetByIds ProposalLoader.GetByIds,0
4/19/2018 17:50:49,ACCT04\paliderd,GenTRAC.DataBridge.DTO.ProposalLoader.GetByIds ProposalLoader.GetByIds,265
4/19/2018 17:50:49,ACCT04\paliderd,BEGIN - IES.DataBridge.Loaders.RevisionLoader.GetAll ,0
4/19/2018 17:50:49,ACCT04\paliderd,IES.DataBridge.Loaders.RevisionLoader.GetAll ,211
4/19/2018 17:50:49,ACCT04\paliderd,ACTION - Edit,1601
4/19/2018 17:50:52,ACCT04\paliderd,BEGIN - IES.DataBridge.Loaders.WhosOnlineLoader.UpdateLastAccessTime ,0
4/19/2018 17:50:52,ACCT04\paliderd,IES.DataBridge.Loaders.WhosOnlineLoader.UpdateLastAccessTime ,660
4/19/2018 17:50:55,ACCT04\paliderd,ACTION - GetSectionsForRevision,3149
4/19/2018 17:50:56,ACCT04\paliderd,BEGIN - IES.DataBridge.Loaders.WhosOnlineLoader.UpdateLastAccessTime ,0
4/19/2018 17:50:56,ACCT04\paliderd,IES.DataBridge.Loaders.WhosOnlineLoader.UpdateLastAccessTime ,586
4/19/2018 17:50:56,ACCT04\paliderd,BEGIN - IES.DataBridge.Loaders.RateDetailLoader.GetRatesForRdsbDocument ,0
4/19/2018 17:50:57,ACCT04\paliderd,IES.DataBridge.Loaders.RateDetailLoader.GetRatesForRdsbDocument ,220
4/19/2018 17:50:57,ACCT04\paliderd,ACTION - GetRateCodesForRevision,220
4/19/2018 17:53:00,ACCT04\paliderd,BEGIN - IES.DataBridge.Loaders.WhosOnlineLoader.UpdateLastAccessTime ,0
4/19/2018 17:53:00,ACCT04\paliderd,IES.DataBridge.Loaders.WhosOnlineLoader.UpdateLastAccessTime ,431
4/19/2018 17:53:00,ACCT04\paliderd,BEGIN - GenTRAC.DataBridge.DTO.IUserMapper.GetByNtid UserMapper.GetByNtid,0
4/19/2018 17:53:00,ACCT04\paliderd,BEGIN - GenTRAC.DataBridge.DTO.UserLoader.UserExists UserLoader.UserExists,0
4/19/2018 17:53:00,ACCT04\paliderd,GenTRAC.DataBridge.DTO.UserLoader.UserExists UserLoader.UserExists,109
4/19/2018 17:53:00,ACCT04\paliderd,GenTRAC.DataBridge.DTO.IUserMapper.GetByNtid UserMapper.GetByNtid,109
4/19/2018 17:53:01,ACCT04\paliderd,BEGIN - IES.DataBridge.Loaders.RevisionLoader.GetAll ,0
4/19/2018 17:53:01,ACCT04\paliderd,IES.DataBridge.Loaders.RevisionLoader.GetAll ,119
4/19/2018 17:53:01,ACCT04\paliderd,BEGIN - IES.DataBridge.Loaders.RateDetailLoader.GetRatesForRdsbDocument ,0
4/19/2018 17:53:01,ACCT04\paliderd,IES.DataBridge.Loaders.RateDetailLoader.GetRatesForRdsbDocument ,112
4/19/2018 17:53:06,ACCT04\paliderd,BEGIN - IES.DataBridge.Common.DataLoader`1[[IES.DataBridge.ModelViews.DocumentDetailModelView, IES.DataBridge, Version=1.0.0.0, Culture=neutral, PublicKeyToken=null]].Save ,0
4/19/2018 17:53:06,ACCT04\paliderd,BEGIN - IES.DataBridge.Common.DataLoader`1[[IES.DataBridge.ModelViews.DocumentDetailModelView, IES.DataBridge, Version=1.0.0.0, Culture=neutral, PublicKeyToken=null]].Upsert ,0
4/19/2018 17:53:06,ACCT04\paliderd,IES.DataBridge.Common.DataLoader`1[[IES.DataBridge.ModelViews.DocumentDetailModelView, IES.DataBridge, Version=1.0.0.0, Culture=neutral, PublicKeyToken=null]].Upsert ,197
4/19/2018 17:53:06,ACCT04\paliderd,BEGIN - IES.DataBridge.Common.DataLoader`1[[IES.DataBridge.ModelViews.RdsbRateCodeXrefModelView, IES.DataBridge, Version=1.0.0.0, Culture=neutral, PublicKeyToken=null]].BulkSave ,0
4/19/2018 17:53:06,ACCT04\paliderd,IES.DataBridge.Common.DataLoader`1[[IES.DataBridge.ModelViews.RdsbRateCodeXrefModelView, IES.DataBridge, Version=1.0.0.0, Culture=neutral, PublicKeyToken=null]].BulkSave ,154
4/19/2018 17:53:06,ACCT04\paliderd,BEGIN - IES.DataBridge.Common.DataLoader`1[[IES.DataBridge.ModelViews.RdsbSectionXrefModelView, IES.DataBridge, Version=1.0.0.0, Culture=neutral, PublicKeyToken=null]].BulkSave ,0
4/19/2018 17:53:06,ACCT04\paliderd,IES.DataBridge.Common.DataLoader`1[[IES.DataBridge.ModelViews.RdsbSectionXrefModelView, IES.DataBridge, Version=1.0.0.0, Culture=neutral, PublicKeyToken=null]].BulkSave ,127
4/19/2018 17:53:06,ACCT04\paliderd,IES.DataBridge.Common.DataLoader`1[[IES.DataBridge.ModelViews.DocumentDetailModelView, IES.DataBridge, Version=1.0.0.0, Culture=neutral, PublicKeyToken=null]].Save ,480
4/19/2018 17:53:07,ACCT04\paliderd,ACTION - Save,6366
4/19/2018 17:53:13,ACCT04\paliderd,BEGIN - IES.DataBridge.Loaders.WhosOnlineLoader.UpdateLastAccessTime ,0
4/19/2018 17:53:14,ACCT04\paliderd,IES.DataBridge.Loaders.WhosOnlineLoader.UpdateLastAccessTime ,276
4/19/2018 17:53:14,ACCT04\paliderd,BEGIN - GenTRAC.DataBridge.DTO.IUserMapper.GetByNtid UserMapper.GetByNtid,0
4/19/2018 17:53:14,ACCT04\paliderd,GenTRAC.DataBridge.DTO.IUserMapper.GetByNtid UserMapper.GetByNtid,0
4/19/2018 17:53:14,ACCT04\paliderd,BEGIN - IES.DataBridge.Loaders.RevisionLoader.GetAll ,0
4/19/2018 17:53:14,ACCT04\paliderd,IES.DataBridge.Loaders.RevisionLoader.GetAll ,127
4/19/2018 17:53:14,ACCT04\paliderd,BEGIN - IES.DataBridge.Loaders.RateDetailLoader.GetRatesForRdsbDocument ,0
4/19/2018 17:53:14,ACCT04\paliderd,IES.DataBridge.Loaders.RateDetailLoader.GetRatesForRdsbDocument ,155
4/19/2018 17:53:30,ACCT04\paliderd,BEGIN - IES.DataBridge.Common.DataLoader`1[[IES.DataBridge.ModelViews.DocumentDetailModelView, IES.DataBridge, Version=1.0.0.0, Culture=neutral, PublicKeyToken=null]].Save ,0
4/19/2018 17:53:30,ACCT04\paliderd,BEGIN - IES.DataBridge.Common.DataLoader`1[[IES.DataBridge.ModelViews.DocumentDetailModelView, IES.DataBridge, Version=1.0.0.0, Culture=neutral, PublicKeyToken=null]].Upsert ,0
4/19/2018 17:53:31,ACCT04\paliderd,IES.DataBridge.Common.DataLoader`1[[IES.DataBridge.ModelViews.DocumentDetailModelView, IES.DataBridge, Version=1.0.0.0, Culture=neutral, PublicKeyToken=null]].Upsert ,796
4/19/2018 17:53:31,ACCT04\paliderd,IES.DataBridge.Common.DataLoader`1[[IES.DataBridge.ModelViews.DocumentDetailModelView, IES.DataBridge, Version=1.0.0.0, Culture=neutral, PublicKeyToken=null]].Save ,797
4/19/2018 17:53:31,ACCT04\paliderd,ACTION - Save,17658
4/19/2018 17:54:54,ACCT04\paliderd,BEGIN - IES.DataBridge.Loaders.WhosOnlineLoader.UpdateLastAccessTime ,0
4/19/2018 17:54:54,ACCT04\paliderd,IES.DataBridge.Loaders.WhosOnlineLoader.UpdateLastAccessTime ,278
4/19/2018 17:54:54,ACCT04\paliderd,BEGIN - GenTRAC.DataBridge.DTO.IUserMapper.GetByNtid UserMapper.GetByNtid,0
4/19/2018 17:54:54,ACCT04\paliderd,BEGIN - GenTRAC.DataBridge.DTO.UserLoader.UserExists UserLoader.UserExists,0
4/19/2018 17:54:54,ACCT04\paliderd,GenTRAC.DataBridge.DTO.UserLoader.UserExists UserLoader.UserExists,107
4/19/2018 17:54:54,ACCT04\paliderd,GenTRAC.DataBridge.DTO.IUserMapper.GetByNtid UserMapper.GetByNtid,107
4/19/2018 17:54:55,ACCT04\paliderd,BEGIN - IES.DataBridge.Loaders.RevisionLoader.GetAll ,0
4/19/2018 17:54:55,ACCT04\paliderd,IES.DataBridge.Loaders.RevisionLoader.GetAll ,119
4/19/2018 17:54:55,ACCT04\paliderd,BEGIN - IES.DataBridge.Loaders.RateDetailLoader.GetRatesForRdsbDocument ,0
4/19/2018 17:54:55,ACCT04\paliderd,IES.DataBridge.Loaders.RateDetailLoader.GetRatesForRdsbDocument ,438
4/19/2018 17:55:00,ACCT04\paliderd,BEGIN - IES.DataBridge.Common.DataLoader`1[[IES.DataBridge.ModelViews.DocumentDetailModelView, IES.DataBridge, Version=1.0.0.0, Culture=neutral, PublicKeyToken=null]].Save ,0
4/19/2018 17:55:00,ACCT04\paliderd,BEGIN - IES.DataBridge.Common.DataLoader`1[[IES.DataBridge.ModelViews.DocumentDetailModelView, IES.DataBridge, Version=1.0.0.0, Culture=neutral, PublicKeyToken=null]].Upsert ,0
4/19/2018 17:55:01,ACCT04\paliderd,IES.DataBridge.Common.DataLoader`1[[IES.DataBridge.ModelViews.DocumentDetailModelView, IES.DataBridge, Version=1.0.0.0, Culture=neutral, PublicKeyToken=null]].Upsert ,865
4/19/2018 17:55:01,ACCT04\paliderd,IES.DataBridge.Common.DataLoader`1[[IES.DataBridge.ModelViews.DocumentDetailModelView, IES.DataBridge, Version=1.0.0.0, Culture=neutral, PublicKeyToken=null]].Save ,865
4/19/2018 17:55:01,ACCT04\paliderd,ACTION - Save,6838
4/19/2018 17:55:08,ACCT04\paliderd,BEGIN - IES.DataBridge.Loaders.WhosOnlineLoader.UpdateLastAccessTime ,0
4/19/2018 17:55:08,ACCT04\paliderd,IES.DataBridge.Loaders.WhosOnlineLoader.UpdateLastAccessTime ,301
4/19/2018 17:55:08,ACCT04\paliderd,BEGIN - GenTRAC.DataBridge.DTO.IUserMapper.GetByNtid UserMapper.GetByNtid,0
4/19/2018 17:55:08,ACCT04\paliderd,GenTRAC.DataBridge.DTO.IUserMapper.GetByNtid UserMapper.GetByNtid,0
4/19/2018 17:55:08,ACCT04\paliderd,BEGIN - GenTRAC.DataBridge.DTO.ProposalLoader.GetByIds ProposalLoader.GetByIds,0
4/19/2018 17:55:09,ACCT04\paliderd,GenTRAC.DataBridge.DTO.ProposalLoader.GetByIds ProposalLoader.GetByIds,162
4/19/2018 17:55:09,ACCT04\paliderd,BEGIN - IES.DataBridge.Loaders.RevisionLoader.GetAll ,0
4/19/2018 17:55:09,ACCT04\paliderd,IES.DataBridge.Loaders.RevisionLoader.GetAll ,122
4/19/2018 17:55:09,ACCT04\paliderd,ACTION - Edit,982
4/19/2018 17:55:10,ACCT04\paliderd,BEGIN - IES.DataBridge.Loaders.WhosOnlineLoader.UpdateLastAccessTime ,0
4/19/2018 17:55:10,ACCT04\paliderd,IES.DataBridge.Loaders.WhosOnlineLoader.UpdateLastAccessTime ,327
4/19/2018 17:55:15,ACCT04\paliderd,ACTION - GetSectionsForRevision,4687
4/19/2018 17:55:15,ACCT04\paliderd,BEGIN - IES.DataBridge.Loaders.WhosOnlineLoader.UpdateLastAccessTime ,0
4/19/2018 17:55:15,ACCT04\paliderd,IES.DataBridge.Loaders.WhosOnlineLoader.UpdateLastAccessTime ,368
4/19/2018 17:55:15,ACCT04\paliderd,BEGIN - IES.DataBridge.Loaders.RateDetailLoader.GetRatesForRdsbDocument ,0
4/19/2018 17:55:16,ACCT04\paliderd,IES.DataBridge.Loaders.RateDetailLoader.GetRatesForRdsbDocument ,258
4/19/2018 17:55:16,ACCT04\paliderd,ACTION - GetRateCodesForRevision,258
4/19/2018 20:45:07,ACCT04\paliderd,BEGIN - GenTRAC.DataBridge.DTO.IUserMapper.GetByNtid UserMapper.GetByNtid,0
4/19/2018 20:45:07,ACCT04\paliderd,BEGIN - GenTRAC.DataBridge.DTO.UserLoader.UserExists UserLoader.UserExists,0
4/19/2018 20:45:25,ACCT04\paliderd,GenTRAC.DataBridge.DTO.UserLoader.UserExists UserLoader.UserExists,17830
4/19/2018 20:45:25,ACCT04\paliderd,GenTRAC.DataBridge.DTO.IUserMapper.GetByNtid UserMapper.GetByNtid,17979
4/19/2018 20:45:51,ACCT04\paliderd,BEGIN - IES.DataBridge.Loaders.WhosOnlineLoader.UpdateLastAccessTime ,0
4/19/2018 20:45:52,ACCT04\paliderd,IES.DataBridge.Loaders.WhosOnlineLoader.UpdateLastAccessTime ,974
4/19/2018 20:45:52,ACCT04\paliderd,BEGIN - GenTRAC.DataBridge.DTO.IUserMapper.GetByNtid UserMapper.GetByNtid,0
4/19/2018 20:45:52,ACCT04\paliderd,BEGIN - GenTRAC.DataBridge.DTO.UserLoader.UserExists UserLoader.UserExists,0
4/19/2018 20:45:53,ACCT04\paliderd,GenTRAC.DataBridge.DTO.UserLoader.UserExists UserLoader.UserExists,593
4/19/2018 20:45:53,ACCT04\paliderd,BEGIN - GenTRAC.DataBridge.DTO.UserLoader.GetByNtid UserLoader.GetUserByNtid,0
4/19/2018 20:45:53,ACCT04\paliderd,GenTRAC.DataBridge.DTO.UserLoader.GetByNtid UserLoader.GetUserByNtid,195
4/19/2018 20:45:53,ACCT04\paliderd,MISS - GetByNtid -> Key: user_paliderd,198
4/19/2018 20:45:53,ACCT04\paliderd,GenTRAC.DataBridge.DTO.IUserMapper.GetByNtid UserMapper.GetByNtid,793
4/19/2018 20:45:54,ACCT04\paliderd,BEGIN - IES.DataBridge.Loaders.RevisionLoader.GetAll ,0
4/19/2018 20:45:54,ACCT04\paliderd,IES.DataBridge.Loaders.RevisionLoader.GetAll ,251
4/19/2018 20:45:54,ACCT04\paliderd,BEGIN - IES.DataBridge.Loaders.RateDetailLoader.GetRatesForRdsbDocument ,0
4/19/2018 20:45:54,ACCT04\paliderd,IES.DataBridge.Loaders.RateDetailLoader.GetRatesForRdsbDocument ,121
4/19/2018 20:45:56,ACCT04\paliderd,BEGIN - IES.DataBridge.Common.DataLoader`1[[IES.DataBridge.ModelViews.DocumentDetailModelView, IES.DataBridge, Version=1.0.0.0, Culture=neutral, PublicKeyToken=null]].Save ,0
4/19/2018 20:45:56,ACCT04\paliderd,BEGIN - IES.DataBridge.Common.DataLoader`1[[IES.DataBridge.ModelViews.DocumentDetailModelView, IES.DataBridge, Version=1.0.0.0, Culture=neutral, PublicKeyToken=null]].Upsert ,0
4/19/2018 20:45:56,ACCT04\paliderd,IES.DataBridge.Common.DataLoader`1[[IES.DataBridge.ModelViews.DocumentDetailModelView, IES.DataBridge, Version=1.0.0.0, Culture=neutral, PublicKeyToken=null]].Upsert ,198
4/19/2018 20:45:56,ACCT04\paliderd,BEGIN - IES.DataBridge.Common.DataLoader`1[[IES.DataBridge.ModelViews.RdsbRateCodeXrefModelView, IES.DataBridge, Version=1.0.0.0, Culture=neutral, PublicKeyToken=null]].BulkSave ,0
4/19/2018 20:45:56,ACCT04\paliderd,IES.DataBridge.Common.DataLoader`1[[IES.DataBridge.ModelViews.RdsbRateCodeXrefModelView, IES.DataBridge, Version=1.0.0.0, Culture=neutral, PublicKeyToken=null]].BulkSave ,224
4/19/2018 20:45:56,ACCT04\paliderd,BEGIN - IES.DataBridge.Common.DataLoader`1[[IES.DataBridge.ModelViews.RdsbSectionXrefModelView, IES.DataBridge, Version=1.0.0.0, Culture=neutral, PublicKeyToken=null]].BulkSave ,0
4/19/2018 20:45:56,ACCT04\paliderd,IES.DataBridge.Common.DataLoader`1[[IES.DataBridge.ModelViews.RdsbSectionXrefModelView, IES.DataBridge, Version=1.0.0.0, Culture=neutral, PublicKeyToken=null]].BulkSave ,114
4/19/2018 20:45:56,ACCT04\paliderd,IES.DataBridge.Common.DataLoader`1[[IES.DataBridge.ModelViews.DocumentDetailModelView, IES.DataBridge, Version=1.0.0.0, Culture=neutral, PublicKeyToken=null]].Save ,545
4/19/2018 20:45:56,ACCT04\paliderd,ACTION - Save,3832
4/19/2018 20:46:17,ACCT04\paliderd,BEGIN - IES.DataBridge.Loaders.WhosOnlineLoader.UpdateLastAccessTime ,0
4/19/2018 20:46:17,ACCT04\paliderd,IES.DataBridge.Loaders.WhosOnlineLoader.UpdateLastAccessTime ,242
4/19/2018 20:46:17,ACCT04\paliderd,BEGIN - GenTRAC.DataBridge.DTO.IUserMapper.GetByNtid UserMapper.GetByNtid,0
4/19/2018 20:46:17,ACCT04\paliderd,GenTRAC.DataBridge.DTO.IUserMapper.GetByNtid UserMapper.GetByNtid,0
4/19/2018 20:46:18,ACCT04\paliderd,BEGIN - IES.DataBridge.Loaders.RevisionLoader.GetAll ,0
4/19/2018 20:46:18,ACCT04\paliderd,IES.DataBridge.Loaders.RevisionLoader.GetAll ,125
4/19/2018 20:46:18,ACCT04\paliderd,BEGIN - IES.DataBridge.Loaders.RateDetailLoader.GetRatesForRdsbDocument ,0
4/19/2018 20:46:18,ACCT04\paliderd,IES.DataBridge.Loaders.RateDetailLoader.GetRatesForRdsbDocument ,137
4/19/2018 20:46:19,ACCT04\paliderd,BEGIN - IES.DataBridge.Common.DataLoader`1[[IES.DataBridge.ModelViews.DocumentDetailModelView, IES.DataBridge, Version=1.0.0.0, Culture=neutral, PublicKeyToken=null]].Save ,0
4/19/2018 20:46:19,ACCT04\paliderd,BEGIN - IES.DataBridge.Common.DataLoader`1[[IES.DataBridge.ModelViews.DocumentDetailModelView, IES.DataBridge, Version=1.0.0.0, Culture=neutral, PublicKeyToken=null]].Upsert ,0
4/19/2018 20:46:20,ACCT04\paliderd,IES.DataBridge.Common.DataLoader`1[[IES.DataBridge.ModelViews.DocumentDetailModelView, IES.DataBridge, Version=1.0.0.0, Culture=neutral, PublicKeyToken=null]].Upsert ,1353
4/19/2018 20:46:20,ACCT04\paliderd,IES.DataBridge.Common.DataLoader`1[[IES.DataBridge.ModelViews.DocumentDetailModelView, IES.DataBridge, Version=1.0.0.0, Culture=neutral, PublicKeyToken=null]].Save ,1354
4/19/2018 20:46:20,ACCT04\paliderd,ACTION - Save,3307
4/19/2018 20:46:27,ACCT04\paliderd,BEGIN - IES.DataBridge.Loaders.WhosOnlineLoader.UpdateLastAccessTime ,0
4/19/2018 20:46:27,ACCT04\paliderd,IES.DataBridge.Loaders.WhosOnlineLoader.UpdateLastAccessTime ,231
4/19/2018 20:46:27,ACCT04\paliderd,BEGIN - GenTRAC.DataBridge.DTO.IUserMapper.GetByNtid UserMapper.GetByNtid,0
4/19/2018 20:46:27,ACCT04\paliderd,GenTRAC.DataBridge.DTO.IUserMapper.GetByNtid UserMapper.GetByNtid,0
4/19/2018 20:46:27,ACCT04\paliderd,BEGIN - GenTRAC.DataBridge.DTO.ProposalLoader.GetByIds ProposalLoader.GetByIds,0
4/19/2018 20:46:28,ACCT04\paliderd,GenTRAC.DataBridge.DTO.ProposalLoader.GetByIds ProposalLoader.GetByIds,484
4/19/2018 20:46:28,ACCT04\paliderd,BEGIN - IES.DataBridge.Loaders.RevisionLoader.GetAll ,0
4/19/2018 20:46:28,ACCT04\paliderd,IES.DataBridge.Loaders.RevisionLoader.GetAll ,108
4/19/2018 20:46:28,ACCT04\paliderd,ACTION - Edit,1184
4/19/2018 20:46:40,ACCT04\paliderd,BEGIN - IES.DataBridge.Loaders.WhosOnlineLoader.UpdateLastAccessTime ,0
4/19/2018 20:46:40,ACCT04\paliderd,IES.DataBridge.Loaders.WhosOnlineLoader.UpdateLastAccessTime ,249
4/19/2018 20:46:41,ACCT04\paliderd,ACTION - GetSectionsForRevision,1218
4/19/2018 20:46:41,ACCT04\paliderd,BEGIN - IES.DataBridge.Loaders.WhosOnlineLoader.UpdateLastAccessTime ,0
4/19/2018 20:46:41,ACCT04\paliderd,IES.DataBridge.Loaders.WhosOnlineLoader.UpdateLastAccessTime ,260
4/19/2018 20:46:41,ACCT04\paliderd,BEGIN - IES.DataBridge.Loaders.RateDetailLoader.GetRatesForRdsbDocument ,0
4/19/2018 20:46:41,ACCT04\paliderd,IES.DataBridge.Loaders.RateDetailLoader.GetRatesForRdsbDocument ,114
4/19/2018 20:46:41,ACCT04\paliderd,ACTION - GetRateCodesForRevision,114
4/19/2018 20:48:15,ACCT04\paliderd,BEGIN - IES.DataBridge.Loaders.WhosOnlineLoader.UpdateLastAccessTime ,0
4/19/2018 20:48:16,ACCT04\paliderd,IES.DataBridge.Loaders.WhosOnlineLoader.UpdateLastAccessTime ,236
4/19/2018 20:48:16,ACCT04\paliderd,BEGIN - GenTRAC.DataBridge.DTO.IUserMapper.GetByNtid UserMapper.GetByNtid,0
4/19/2018 20:48:16,ACCT04\paliderd,BEGIN - GenTRAC.DataBridge.DTO.UserLoader.UserExists UserLoader.UserExists,0
4/19/2018 20:48:16,ACCT04\paliderd,GenTRAC.DataBridge.DTO.UserLoader.UserExists UserLoader.UserExists,110
4/19/2018 20:48:16,ACCT04\paliderd,GenTRAC.DataBridge.DTO.IUserMapper.GetByNtid UserMapper.GetByNtid,110
4/19/2018 20:48:16,ACCT04\paliderd,BEGIN - IES.DataBridge.Loaders.RevisionLoader.GetAll ,0
4/19/2018 20:48:16,ACCT04\paliderd,IES.DataBridge.Loaders.RevisionLoader.GetAll ,112
4/19/2018 20:48:16,ACCT04\paliderd,BEGIN - IES.DataBridge.Loaders.RateDetailLoader.GetRatesForRdsbDocument ,0
4/19/2018 20:48:16,ACCT04\paliderd,IES.DataBridge.Loaders.RateDetailLoader.GetRatesForRdsbDocument ,111
4/19/2018 20:48:18,ACCT04\paliderd,BEGIN - IES.DataBridge.Common.DataLoader`1[[IES.DataBridge.ModelViews.DocumentDetailModelView, IES.DataBridge, Version=1.0.0.0, Culture=neutral, PublicKeyToken=null]].Save ,0
4/19/2018 20:48:18,ACCT04\paliderd,BEGIN - IES.DataBridge.Common.DataLoader`1[[IES.DataBridge.ModelViews.DocumentDetailModelView, IES.DataBridge, Version=1.0.0.0, Culture=neutral, PublicKeyToken=null]].Upsert ,0
4/19/2018 20:48:18,ACCT04\paliderd,IES.DataBridge.Common.DataLoader`1[[IES.DataBridge.ModelViews.DocumentDetailModelView, IES.DataBridge, Version=1.0.0.0, Culture=neutral, PublicKeyToken=null]].Upsert ,156
4/19/2018 20:48:18,ACCT04\paliderd,BEGIN - IES.DataBridge.Common.DataLoader`1[[IES.DataBridge.ModelViews.RdsbRateCodeXrefModelView, IES.DataBridge, Version=1.0.0.0, Culture=neutral, PublicKeyToken=null]].BulkSave ,0
4/19/2018 20:48:18,ACCT04\paliderd,IES.DataBridge.Common.DataLoader`1[[IES.DataBridge.ModelViews.RdsbRateCodeXrefModelView, IES.DataBridge, Version=1.0.0.0, Culture=neutral, PublicKeyToken=null]].BulkSave ,142
4/19/2018 20:48:18,ACCT04\paliderd,BEGIN - IES.DataBridge.Common.DataLoader`1[[IES.DataBridge.ModelViews.RdsbSectionXrefModelView, IES.DataBridge, Version=1.0.0.0, Culture=neutral, PublicKeyToken=null]].BulkSave ,0
4/19/2018 20:48:18,ACCT04\paliderd,IES.DataBridge.Common.DataLoader`1[[IES.DataBridge.ModelViews.RdsbSectionXrefModelView, IES.DataBridge, Version=1.0.0.0, Culture=neutral, PublicKeyToken=null]].BulkSave ,112
4/19/2018 20:48:18,ACCT04\paliderd,IES.DataBridge.Common.DataLoader`1[[IES.DataBridge.ModelViews.DocumentDetailModelView, IES.DataBridge, Version=1.0.0.0, Culture=neutral, PublicKeyToken=null]].Save ,411
4/19/2018 20:48:18,ACCT04\paliderd,ACTION - Save,2323
4/19/2018 20:48:18,ACCT04\paliderd,BEGIN - IES.DataBridge.Loaders.WhosOnlineLoader.UpdateLastAccessTime ,0
4/19/2018 20:48:18,ACCT04\paliderd,IES.DataBridge.Loaders.WhosOnlineLoader.UpdateLastAccessTime ,279
4/19/2018 20:48:20,ACCT04\paliderd,ACTION - GetSectionsForRevision,1218
4/19/2018 20:48:20,ACCT04\paliderd,BEGIN - IES.DataBridge.Loaders.WhosOnlineLoader.UpdateLastAccessTime ,0
4/19/2018 20:48:20,ACCT04\paliderd,IES.DataBridge.Loaders.WhosOnlineLoader.UpdateLastAccessTime ,222
4/19/2018 20:48:20,ACCT04\paliderd,BEGIN - IES.DataBridge.Loaders.RateDetailLoader.GetRatesForRdsbDocument ,0
4/19/2018 20:48:20,ACCT04\paliderd,IES.DataBridge.Loaders.RateDetailLoader.GetRatesForRdsbDocument ,124
4/19/2018 20:48:20,ACCT04\paliderd,ACTION - GetRateCodesForRevision,125
4/19/2018 20:48:30,ACCT04\paliderd,BEGIN - IES.DataBridge.Loaders.WhosOnlineLoader.UpdateLastAccessTime ,0
4/19/2018 20:48:30,ACCT04\paliderd,IES.DataBridge.Loaders.WhosOnlineLoader.UpdateLastAccessTime ,278
4/19/2018 20:48:30,ACCT04\paliderd,BEGIN - GenTRAC.DataBridge.DTO.IUserMapper.GetByNtid UserMapper.GetByNtid,0
4/19/2018 20:48:30,ACCT04\paliderd,GenTRAC.DataBridge.DTO.IUserMapper.GetByNtid UserMapper.GetByNtid,0
4/19/2018 20:48:31,ACCT04\paliderd,BEGIN - IES.DataBridge.Loaders.RevisionLoader.GetAll ,0
4/19/2018 20:48:31,ACCT04\paliderd,IES.DataBridge.Loaders.RevisionLoader.GetAll ,113
4/19/2018 20:48:31,ACCT04\paliderd,BEGIN - IES.DataBridge.Loaders.RateDetailLoader.GetRatesForRdsbDocument ,0
4/19/2018 20:48:31,ACCT04\paliderd,IES.DataBridge.Loaders.RateDetailLoader.GetRatesForRdsbDocument ,102
4/19/2018 20:48:32,ACCT04\paliderd,BEGIN - IES.DataBridge.Common.DataLoader`1[[IES.DataBridge.ModelViews.DocumentDetailModelView, IES.DataBridge, Version=1.0.0.0, Culture=neutral, PublicKeyToken=null]].Save ,0
4/19/2018 20:48:32,ACCT04\paliderd,BEGIN - IES.DataBridge.Common.DataLoader`1[[IES.DataBridge.ModelViews.DocumentDetailModelView, IES.DataBridge, Version=1.0.0.0, Culture=neutral, PublicKeyToken=null]].Upsert ,0
4/19/2018 20:48:33,ACCT04\paliderd,IES.DataBridge.Common.DataLoader`1[[IES.DataBridge.ModelViews.DocumentDetailModelView, IES.DataBridge, Version=1.0.0.0, Culture=neutral, PublicKeyToken=null]].Upsert ,859
4/19/2018 20:48:33,ACCT04\paliderd,IES.DataBridge.Common.DataLoader`1[[IES.DataBridge.ModelViews.DocumentDetailModelView, IES.DataBridge, Version=1.0.0.0, Culture=neutral, PublicKeyToken=null]].Save ,859
4/19/2018 20:48:33,ACCT04\paliderd,ACTION - Save,2588
4/19/2018 20:58:57,ACCT04\paliderd,BEGIN - IES.DataBridge.Loaders.WhosOnlineLoader.UpdateLastAccessTime ,0
4/19/2018 20:58:58,ACCT04\paliderd,IES.DataBridge.Loaders.WhosOnlineLoader.UpdateLastAccessTime ,543
4/19/2018 20:58:58,ACCT04\paliderd,BEGIN - GenTRAC.DataBridge.DTO.IUserMapper.GetByNtid UserMapper.GetByNtid,0
4/19/2018 20:58:58,ACCT04\paliderd,BEGIN - GenTRAC.DataBridge.DTO.UserLoader.UserExists UserLoader.UserExists,0
4/19/2018 20:58:58,ACCT04\paliderd,GenTRAC.DataBridge.DTO.UserLoader.UserExists UserLoader.UserExists,428
4/19/2018 20:58:58,ACCT04\paliderd,GenTRAC.DataBridge.DTO.IUserMapper.GetByNtid UserMapper.GetByNtid,428
4/19/2018 20:58:59,ACCT04\paliderd,BEGIN - GenTRAC.DataBridge.DTO.ProposalLoader.GetByIds ProposalLoader.GetByIds,0
4/19/2018 20:58:59,ACCT04\paliderd,GenTRAC.DataBridge.DTO.ProposalLoader.GetByIds ProposalLoader.GetByIds,160
4/19/2018 20:58:59,ACCT04\paliderd,BEGIN - IES.DataBridge.Loaders.RevisionLoader.GetAll ,0
4/19/2018 20:58:59,ACCT04\paliderd,IES.DataBridge.Loaders.RevisionLoader.GetAll ,96
4/19/2018 20:58:59,ACCT04\paliderd,ACTION - Edit,1257
4/19/2018 20:59:02,ACCT04\paliderd,BEGIN - IES.DataBridge.Loaders.WhosOnlineLoader.UpdateLastAccessTime ,0
4/19/2018 20:59:02,ACCT04\paliderd,IES.DataBridge.Loaders.WhosOnlineLoader.UpdateLastAccessTime ,250
4/19/2018 20:59:03,ACCT04\paliderd,ACTION - GetSectionsForRevision,1306
4/19/2018 20:59:05,ACCT04\paliderd,BEGIN - IES.DataBridge.Loaders.WhosOnlineLoader.UpdateLastAccessTime ,0
4/19/2018 20:59:05,ACCT04\paliderd,IES.DataBridge.Loaders.WhosOnlineLoader.UpdateLastAccessTime ,260
4/19/2018 20:59:05,ACCT04\paliderd,BEGIN - IES.DataBridge.Loaders.RateDetailLoader.GetRatesForRdsbDocument ,0
4/19/2018 20:59:06,ACCT04\paliderd,IES.DataBridge.Loaders.RateDetailLoader.GetRatesForRdsbDocument ,181
4/19/2018 20:59:06,ACCT04\paliderd,ACTION - GetRateCodesForRevision,181
4/19/2018 21:04:25,ACCT04\paliderd,BEGIN - IES.DataBridge.Loaders.WhosOnlineLoader.UpdateLastAccessTime ,0
4/19/2018 21:04:25,ACCT04\paliderd,IES.DataBridge.Loaders.WhosOnlineLoader.UpdateLastAccessTime ,234
4/19/2018 21:04:25,ACCT04\paliderd,BEGIN - GenTRAC.DataBridge.DTO.IUserMapper.GetByNtid UserMapper.GetByNtid,0
4/19/2018 21:04:25,ACCT04\paliderd,BEGIN - GenTRAC.DataBridge.DTO.UserLoader.UserExists UserLoader.UserExists,0
4/19/2018 21:04:26,ACCT04\paliderd,GenTRAC.DataBridge.DTO.UserLoader.UserExists UserLoader.UserExists,672
4/19/2018 21:04:26,ACCT04\paliderd,GenTRAC.DataBridge.DTO.IUserMapper.GetByNtid UserMapper.GetByNtid,673
4/19/2018 21:04:26,ACCT04\paliderd,BEGIN - IES.DataBridge.Loaders.RevisionLoader.GetAll ,0
4/19/2018 21:04:26,ACCT04\paliderd,IES.DataBridge.Loaders.RevisionLoader.GetAll ,88
4/19/2018 21:04:26,ACCT04\paliderd,BEGIN - IES.DataBridge.Loaders.RateDetailLoader.GetRatesForRdsbDocument ,0
4/19/2018 21:04:27,ACCT04\paliderd,IES.DataBridge.Loaders.RateDetailLoader.GetRatesForRdsbDocument ,99
4/19/2018 21:04:28,ACCT04\paliderd,BEGIN - IES.DataBridge.Common.DataLoader`1[[IES.DataBridge.ModelViews.DocumentDetailModelView, IES.DataBridge, Version=1.0.0.0, Culture=neutral, PublicKeyToken=null]].Save ,0
4/19/2018 21:04:28,ACCT04\paliderd,BEGIN - IES.DataBridge.Common.DataLoader`1[[IES.DataBridge.ModelViews.DocumentDetailModelView, IES.DataBridge, Version=1.0.0.0, Culture=neutral, PublicKeyToken=null]].Upsert ,0
4/19/2018 21:04:28,ACCT04\paliderd,IES.DataBridge.Common.DataLoader`1[[IES.DataBridge.ModelViews.DocumentDetailModelView, IES.DataBridge, Version=1.0.0.0, Culture=neutral, PublicKeyToken=null]].Upsert ,172
4/19/2018 21:04:28,ACCT04\paliderd,BEGIN - IES.DataBridge.Common.DataLoader`1[[IES.DataBridge.ModelViews.RdsbRateCodeXrefModelView, IES.DataBridge, Version=1.0.0.0, Culture=neutral, PublicKeyToken=null]].BulkSave ,0
4/19/2018 21:04:28,ACCT04\paliderd,IES.DataBridge.Common.DataLoader`1[[IES.DataBridge.ModelViews.RdsbRateCodeXrefModelView, IES.DataBridge, Version=1.0.0.0, Culture=neutral, PublicKeyToken=null]].BulkSave ,111
4/19/2018 21:04:28,ACCT04\paliderd,BEGIN - IES.DataBridge.Common.DataLoader`1[[IES.DataBridge.ModelViews.RdsbSectionXrefModelView, IES.DataBridge, Version=1.0.0.0, Culture=neutral, PublicKeyToken=null]].BulkSave ,0
4/19/2018 21:04:28,ACCT04\paliderd,IES.DataBridge.Common.DataLoader`1[[IES.DataBridge.ModelViews.RdsbSectionXrefModelView, IES.DataBridge, Version=1.0.0.0, Culture=neutral, PublicKeyToken=null]].BulkSave ,94
4/19/2018 21:04:28,ACCT04\paliderd,IES.DataBridge.Common.DataLoader`1[[IES.DataBridge.ModelViews.DocumentDetailModelView, IES.DataBridge, Version=1.0.0.0, Culture=neutral, PublicKeyToken=null]].Save ,378
4/19/2018 21:04:28,ACCT04\paliderd,ACTION - Save,2945
4/19/2018 21:04:28,ACCT04\paliderd,BEGIN - IES.DataBridge.Loaders.WhosOnlineLoader.UpdateLastAccessTime ,0
4/19/2018 21:04:29,ACCT04\paliderd,IES.DataBridge.Loaders.WhosOnlineLoader.UpdateLastAccessTime ,249
4/19/2018 21:04:30,ACCT04\paliderd,ACTION - GetSectionsForRevision,1195
4/19/2018 21:04:30,ACCT04\paliderd,BEGIN - IES.DataBridge.Loaders.WhosOnlineLoader.UpdateLastAccessTime ,0
4/19/2018 21:04:30,ACCT04\paliderd,IES.DataBridge.Loaders.WhosOnlineLoader.UpdateLastAccessTime ,238
4/19/2018 21:04:30,ACCT04\paliderd,BEGIN - IES.DataBridge.Loaders.RateDetailLoader.GetRatesForRdsbDocument ,0
4/19/2018 21:04:30,ACCT04\paliderd,IES.DataBridge.Loaders.RateDetailLoader.GetRatesForRdsbDocument ,103
4/19/2018 21:04:30,ACCT04\paliderd,ACTION - GetRateCodesForRevision,104
4/19/2018 21:04:42,ACCT04\paliderd,BEGIN - IES.DataBridge.Loaders.WhosOnlineLoader.UpdateLastAccessTime ,0
4/19/2018 21:04:42,ACCT04\paliderd,IES.DataBridge.Loaders.WhosOnlineLoader.UpdateLastAccessTime ,212
4/19/2018 21:04:42,ACCT04\paliderd,BEGIN - GenTRAC.DataBridge.DTO.IUserMapper.GetByNtid UserMapper.GetByNtid,0
4/19/2018 21:04:42,ACCT04\paliderd,GenTRAC.DataBridge.DTO.IUserMapper.GetByNtid UserMapper.GetByNtid,0
4/19/2018 21:04:42,ACCT04\paliderd,BEGIN - IES.DataBridge.Loaders.RevisionLoader.GetAll ,0
4/19/2018 21:04:42,ACCT04\paliderd,IES.DataBridge.Loaders.RevisionLoader.GetAll ,82
4/19/2018 21:04:42,ACCT04\paliderd,BEGIN - IES.DataBridge.Loaders.RateDetailLoader.GetRatesForRdsbDocument ,0
4/19/2018 21:04:42,ACCT04\paliderd,IES.DataBridge.Loaders.RateDetailLoader.GetRatesForRdsbDocument ,90
4/19/2018 21:04:43,ACCT04\paliderd,BEGIN - IES.DataBridge.Common.DataLoader`1[[IES.DataBridge.ModelViews.DocumentDetailModelView, IES.DataBridge, Version=1.0.0.0, Culture=neutral, PublicKeyToken=null]].Save ,0
4/19/2018 21:04:43,ACCT04\paliderd,BEGIN - IES.DataBridge.Common.DataLoader`1[[IES.DataBridge.ModelViews.DocumentDetailModelView, IES.DataBridge, Version=1.0.0.0, Culture=neutral, PublicKeyToken=null]].Upsert ,0
4/19/2018 21:04:44,ACCT04\paliderd,IES.DataBridge.Common.DataLoader`1[[IES.DataBridge.ModelViews.DocumentDetailModelView, IES.DataBridge, Version=1.0.0.0, Culture=neutral, PublicKeyToken=null]].Upsert ,799
4/19/2018 21:04:44,ACCT04\paliderd,IES.DataBridge.Common.DataLoader`1[[IES.DataBridge.ModelViews.DocumentDetailModelView, IES.DataBridge, Version=1.0.0.0, Culture=neutral, PublicKeyToken=null]].Save ,799
4/19/2018 21:04:44,ACCT04\paliderd,ACTION - Save,2450
4/19/2018 21:05:04,ACCT04\paliderd,BEGIN - IES.DataBridge.Loaders.WhosOnlineLoader.UpdateLastAccessTime ,0
4/19/2018 21:05:05,ACCT04\paliderd,IES.DataBridge.Loaders.WhosOnlineLoader.UpdateLastAccessTime ,220
4/19/2018 21:05:05,ACCT04\paliderd,BEGIN - GenTRAC.DataBridge.DTO.IUserMapper.GetByNtid UserMapper.GetByNtid,0
4/19/2018 21:05:05,ACCT04\paliderd,GenTRAC.DataBridge.DTO.IUserMapper.GetByNtid UserMapper.GetByNtid,0
4/19/2018 21:05:05,ACCT04\paliderd,BEGIN - GenTRAC.DataBridge.DTO.ProposalLoader.GetByIds ProposalLoader.GetByIds,0
4/19/2018 21:05:05,ACCT04\paliderd,GenTRAC.DataBridge.DTO.ProposalLoader.GetByIds ProposalLoader.GetByIds,175
4/19/2018 21:05:05,ACCT04\paliderd,BEGIN - IES.DataBridge.Loaders.RevisionLoader.GetAll ,0
4/19/2018 21:05:05,ACCT04\paliderd,IES.DataBridge.Loaders.RevisionLoader.GetAll ,122
4/19/2018 21:05:05,ACCT04\paliderd,ACTION - Edit,723
4/19/2018 21:05:08,ACCT04\paliderd,BEGIN - IES.DataBridge.Loaders.WhosOnlineLoader.UpdateLastAccessTime ,0
4/19/2018 21:05:08,ACCT04\paliderd,IES.DataBridge.Loaders.WhosOnlineLoader.UpdateLastAccessTime ,237
4/19/2018 21:05:09,ACCT04\paliderd,ACTION - GetSectionsForRevision,1182
4/19/2018 21:05:09,ACCT04\paliderd,BEGIN - IES.DataBridge.Loaders.WhosOnlineLoader.UpdateLastAccessTime ,0
4/19/2018 21:05:09,ACCT04\paliderd,IES.DataBridge.Loaders.WhosOnlineLoader.UpdateLastAccessTime ,229
4/19/2018 21:05:09,ACCT04\paliderd,BEGIN - IES.DataBridge.Loaders.RateDetailLoader.GetRatesForRdsbDocument ,0
4/19/2018 21:05:09,ACCT04\paliderd,IES.DataBridge.Loaders.RateDetailLoader.GetRatesForRdsbDocument ,101
4/19/2018 21:05:09,ACCT04\paliderd,ACTION - GetRateCodesForRevision,102
4/19/2018 21:05:17,ACCT04\paliderd,BEGIN - IES.DataBridge.Loaders.WhosOnlineLoader.UpdateLastAccessTime ,0
4/19/2018 21:05:17,ACCT04\paliderd,IES.DataBridge.Loaders.WhosOnlineLoader.UpdateLastAccessTime ,218
4/19/2018 21:05:17,ACCT04\paliderd,BEGIN - GenTRAC.DataBridge.DTO.IUserMapper.GetByNtid UserMapper.GetByNtid,0
4/19/2018 21:05:17,ACCT04\paliderd,GenTRAC.DataBridge.DTO.IUserMapper.GetByNtid UserMapper.GetByNtid,0
4/19/2018 21:05:17,ACCT04\paliderd,BEGIN - IES.DataBridge.Loaders.RevisionLoader.GetAll ,0
4/19/2018 21:05:17,ACCT04\paliderd,IES.DataBridge.Loaders.RevisionLoader.GetAll ,90
4/19/2018 21:05:17,ACCT04\paliderd,BEGIN - IES.DataBridge.Loaders.RateDetailLoader.GetRatesForRdsbDocument ,0
4/19/2018 21:05:18,ACCT04\paliderd,IES.DataBridge.Loaders.RateDetailLoader.GetRatesForRdsbDocument ,97
4/19/2018 21:05:19,ACCT04\paliderd,BEGIN - IES.DataBridge.Common.DataLoader`1[[IES.DataBridge.ModelViews.DocumentDetailModelView, IES.DataBridge, Version=1.0.0.0, Culture=neutral, PublicKeyToken=null]].Save ,0
4/19/2018 21:05:19,ACCT04\paliderd,BEGIN - IES.DataBridge.Common.DataLoader`1[[IES.DataBridge.ModelViews.DocumentDetailModelView, IES.DataBridge, Version=1.0.0.0, Culture=neutral, PublicKeyToken=null]].Upsert ,0
4/19/2018 21:05:19,ACCT04\paliderd,IES.DataBridge.Common.DataLoader`1[[IES.DataBridge.ModelViews.DocumentDetailModelView, IES.DataBridge, Version=1.0.0.0, Culture=neutral, PublicKeyToken=null]].Upsert ,154
4/19/2018 21:05:19,ACCT04\paliderd,BEGIN - IES.DataBridge.Common.DataLoader`1[[IES.DataBridge.ModelViews.RdsbRateCodeXrefModelView, IES.DataBridge, Version=1.0.0.0, Culture=neutral, PublicKeyToken=null]].BulkSave ,0
4/19/2018 21:05:19,ACCT04\paliderd,IES.DataBridge.Common.DataLoader`1[[IES.DataBridge.ModelViews.RdsbRateCodeXrefModelView, IES.DataBridge, Version=1.0.0.0, Culture=neutral, PublicKeyToken=null]].BulkSave ,170
4/19/2018 21:05:19,ACCT04\paliderd,BEGIN - IES.DataBridge.Common.DataLoader`1[[IES.DataBridge.ModelViews.RdsbSectionXrefModelView, IES.DataBridge, Version=1.0.0.0, Culture=neutral, PublicKeyToken=null]].BulkSave ,0
4/19/2018 21:05:19,ACCT04\paliderd,IES.DataBridge.Common.DataLoader`1[[IES.DataBridge.ModelViews.RdsbSectionXrefModelView, IES.DataBridge, Version=1.0.0.0, Culture=neutral, PublicKeyToken=null]].BulkSave ,110
4/19/2018 21:05:19,ACCT04\paliderd,IES.DataBridge.Common.DataLoader`1[[IES.DataBridge.ModelViews.DocumentDetailModelView, IES.DataBridge, Version=1.0.0.0, Culture=neutral, PublicKeyToken=null]].Save ,436
4/19/2018 21:05:19,ACCT04\paliderd,ACTION - Save,2077
4/19/2018 21:05:19,ACCT04\paliderd,BEGIN - IES.DataBridge.Loaders.WhosOnlineLoader.UpdateLastAccessTime ,0
4/19/2018 21:05:20,ACCT04\paliderd,IES.DataBridge.Loaders.WhosOnlineLoader.UpdateLastAccessTime ,241
4/19/2018 21:05:21,ACCT04\paliderd,ACTION - GetSectionsForRevision,1172
4/19/2018 21:05:21,ACCT04\paliderd,BEGIN - IES.DataBridge.Loaders.WhosOnlineLoader.UpdateLastAccessTime ,0
4/19/2018 21:05:21,ACCT04\paliderd,IES.DataBridge.Loaders.WhosOnlineLoader.UpdateLastAccessTime ,224
4/19/2018 21:05:21,ACCT04\paliderd,BEGIN - IES.DataBridge.Loaders.RateDetailLoader.GetRatesForRdsbDocument ,0
4/19/2018 21:05:21,ACCT04\paliderd,IES.DataBridge.Loaders.RateDetailLoader.GetRatesForRdsbDocument ,102
4/19/2018 21:05:21,ACCT04\paliderd,ACTION - GetRateCodesForRevision,103
4/19/2018 21:06:05,ACCT04\paliderd,BEGIN - IES.DataBridge.Loaders.WhosOnlineLoader.UpdateLastAccessTime ,0
4/19/2018 21:06:05,ACCT04\paliderd,IES.DataBridge.Loaders.WhosOnlineLoader.UpdateLastAccessTime ,244
4/19/2018 21:06:05,ACCT04\paliderd,BEGIN - GenTRAC.DataBridge.DTO.IUserMapper.GetByNtid UserMapper.GetByNtid,0
4/19/2018 21:06:05,ACCT04\paliderd,BEGIN - GenTRAC.DataBridge.DTO.UserLoader.UserExists UserLoader.UserExists,0
4/19/2018 21:06:05,ACCT04\paliderd,GenTRAC.DataBridge.DTO.UserLoader.UserExists UserLoader.UserExists,97
4/19/2018 21:06:05,ACCT04\paliderd,GenTRAC.DataBridge.DTO.IUserMapper.GetByNtid UserMapper.GetByNtid,98
4/19/2018 21:06:13,ACCT04\paliderd,BEGIN - GenTRAC.DataBridge.DTO.ProposalLoader.GetByIds ProposalLoader.GetByIds,0
4/19/2018 21:06:13,ACCT04\paliderd,GenTRAC.DataBridge.DTO.ProposalLoader.GetByIds ProposalLoader.GetByIds,153
4/19/2018 21:06:14,ACCT04\paliderd,BEGIN - IES.DataBridge.Loaders.RevisionLoader.GetAll ,0
4/19/2018 21:06:14,ACCT04\paliderd,IES.DataBridge.Loaders.RevisionLoader.GetAll ,112
4/19/2018 21:06:14,ACCT04\paliderd,ACTION - Edit,8739
4/19/2018 21:06:17,ACCT04\paliderd,BEGIN - IES.DataBridge.Loaders.WhosOnlineLoader.UpdateLastAccessTime ,0
4/19/2018 21:06:17,ACCT04\paliderd,IES.DataBridge.Loaders.WhosOnlineLoader.UpdateLastAccessTime ,556
4/19/2018 21:06:19,ACCT04\paliderd,ACTION - GetSectionsForRevision,1202
4/19/2018 21:06:19,ACCT04\paliderd,BEGIN - IES.DataBridge.Loaders.WhosOnlineLoader.UpdateLastAccessTime ,0
4/19/2018 21:06:19,ACCT04\paliderd,IES.DataBridge.Loaders.WhosOnlineLoader.UpdateLastAccessTime ,217
4/19/2018 21:06:19,ACCT04\paliderd,BEGIN - IES.DataBridge.Loaders.RateDetailLoader.GetRatesForRdsbDocument ,0
4/19/2018 21:06:19,ACCT04\paliderd,IES.DataBridge.Loaders.RateDetailLoader.GetRatesForRdsbDocument ,100
4/19/2018 21:06:19,ACCT04\paliderd,ACTION - GetRateCodesForRevision,100
4/19/2018 21:06:27,ACCT04\paliderd,BEGIN - IES.DataBridge.Loaders.WhosOnlineLoader.UpdateLastAccessTime ,0
4/19/2018 21:06:27,ACCT04\paliderd,IES.DataBridge.Loaders.WhosOnlineLoader.UpdateLastAccessTime ,224
4/19/2018 21:06:27,ACCT04\paliderd,BEGIN - GenTRAC.DataBridge.DTO.IUserMapper.GetByNtid UserMapper.GetByNtid,0
4/19/2018 21:06:27,ACCT04\paliderd,GenTRAC.DataBridge.DTO.IUserMapper.GetByNtid UserMapper.GetByNtid,0
4/19/2018 21:06:28,ACCT04\paliderd,BEGIN - IES.DataBridge.Loaders.RevisionLoader.GetAll ,0
4/19/2018 21:06:28,ACCT04\paliderd,IES.DataBridge.Loaders.RevisionLoader.GetAll ,97
4/19/2018 21:06:28,ACCT04\paliderd,BEGIN - IES.DataBridge.Loaders.RateDetailLoader.GetRatesForRdsbDocument ,0
4/19/2018 21:06:28,ACCT04\paliderd,IES.DataBridge.Loaders.RateDetailLoader.GetRatesForRdsbDocument ,117
4/19/2018 21:06:29,ACCT04\paliderd,BEGIN - IES.DataBridge.Common.DataLoader`1[[IES.DataBridge.ModelViews.DocumentDetailModelView, IES.DataBridge, Version=1.0.0.0, Culture=neutral, PublicKeyToken=null]].Save ,0
4/19/2018 21:06:29,ACCT04\paliderd,BEGIN - IES.DataBridge.Common.DataLoader`1[[IES.DataBridge.ModelViews.DocumentDetailModelView, IES.DataBridge, Version=1.0.0.0, Culture=neutral, PublicKeyToken=null]].Upsert ,0
4/19/2018 21:06:29,ACCT04\paliderd,IES.DataBridge.Common.DataLoader`1[[IES.DataBridge.ModelViews.DocumentDetailModelView, IES.DataBridge, Version=1.0.0.0, Culture=neutral, PublicKeyToken=null]].Upsert ,165
4/19/2018 21:06:29,ACCT04\paliderd,BEGIN - IES.DataBridge.Common.DataLoader`1[[IES.DataBridge.ModelViews.RdsbRateCodeXrefModelView, IES.DataBridge, Version=1.0.0.0, Culture=neutral, PublicKeyToken=null]].BulkSave ,0
4/19/2018 21:06:29,ACCT04\paliderd,IES.DataBridge.Common.DataLoader`1[[IES.DataBridge.ModelViews.RdsbRateCodeXrefModelView, IES.DataBridge, Version=1.0.0.0, Culture=neutral, PublicKeyToken=null]].BulkSave ,138
4/19/2018 21:06:29,ACCT04\paliderd,BEGIN - IES.DataBridge.Common.DataLoader`1[[IES.DataBridge.ModelViews.RdsbSectionXrefModelView, IES.DataBridge, Version=1.0.0.0, Culture=neutral, PublicKeyToken=null]].BulkSave ,0
4/19/2018 21:06:30,ACCT04\paliderd,IES.DataBridge.Common.DataLoader`1[[IES.DataBridge.ModelViews.RdsbSectionXrefModelView, IES.DataBridge, Version=1.0.0.0, Culture=neutral, PublicKeyToken=null]].BulkSave ,101
4/19/2018 21:06:30,ACCT04\paliderd,IES.DataBridge.Common.DataLoader`1[[IES.DataBridge.ModelViews.DocumentDetailModelView, IES.DataBridge, Version=1.0.0.0, Culture=neutral, PublicKeyToken=null]].Save ,405
4/19/2018 21:06:30,ACCT04\paliderd,ACTION - Save,2203
4/19/2018 21:06:30,ACCT04\paliderd,BEGIN - IES.DataBridge.Loaders.WhosOnlineLoader.UpdateLastAccessTime ,0
4/19/2018 21:06:30,ACCT04\paliderd,IES.DataBridge.Loaders.WhosOnlineLoader.UpdateLastAccessTime ,226
4/19/2018 21:06:31,ACCT04\paliderd,ACTION - GetSectionsForRevision,1237
4/19/2018 21:06:31,ACCT04\paliderd,BEGIN - IES.DataBridge.Loaders.WhosOnlineLoader.UpdateLastAccessTime ,0
4/19/2018 21:06:32,ACCT04\paliderd,IES.DataBridge.Loaders.WhosOnlineLoader.UpdateLastAccessTime ,262
4/19/2018 21:06:32,ACCT04\paliderd,BEGIN - IES.DataBridge.Loaders.RateDetailLoader.GetRatesForRdsbDocument ,0
4/19/2018 21:06:32,ACCT04\paliderd,IES.DataBridge.Loaders.RateDetailLoader.GetRatesForRdsbDocument ,121
4/19/2018 21:06:32,ACCT04\paliderd,ACTION - GetRateCodesForRevision,121
4/19/2018 21:34:42,ACCT04\paliderd,BEGIN - IES.DataBridge.Loaders.WhosOnlineLoader.UpdateLastAccessTime ,0
4/19/2018 21:34:44,ACCT04\paliderd,IES.DataBridge.Loaders.WhosOnlineLoader.UpdateLastAccessTime ,1661
4/19/2018 21:34:44,ACCT04\paliderd,BEGIN - GenTRAC.DataBridge.DTO.IUserMapper.GetByNtid UserMapper.GetByNtid,0
4/19/2018 21:34:44,ACCT04\paliderd,BEGIN - GenTRAC.DataBridge.DTO.UserLoader.UserExists UserLoader.UserExists,0
4/19/2018 21:34:45,ACCT04\paliderd,GenTRAC.DataBridge.DTO.UserLoader.UserExists UserLoader.UserExists,867
4/19/2018 21:34:45,ACCT04\paliderd,BEGIN - GenTRAC.DataBridge.DTO.UserLoader.GetByNtid UserLoader.GetUserByNtid,0
4/19/2018 21:34:45,ACCT04\paliderd,GenTRAC.DataBridge.DTO.UserLoader.GetByNtid UserLoader.GetUserByNtid,163
4/19/2018 21:34:45,ACCT04\paliderd,MISS - GetByNtid -> Key: user_paliderd,166
4/19/2018 21:34:45,ACCT04\paliderd,GenTRAC.DataBridge.DTO.IUserMapper.GetByNtid UserMapper.GetByNtid,1046
4/19/2018 21:34:46,ACCT04\paliderd,BEGIN - GenTRAC.DataBridge.DTO.ProposalLoader.GetByIds ProposalLoader.GetByIds,0
4/19/2018 21:34:46,ACCT04\paliderd,GenTRAC.DataBridge.DTO.ProposalLoader.GetByIds ProposalLoader.GetByIds,422
4/19/2018 21:34:46,ACCT04\paliderd,BEGIN - IES.DataBridge.Loaders.RevisionLoader.GetAll ,0
4/19/2018 21:34:47,ACCT04\paliderd,IES.DataBridge.Loaders.RevisionLoader.GetAll ,116
4/19/2018 21:34:47,ACCT04\paliderd,ACTION - Edit,2951
4/19/2018 21:34:56,ACCT04\paliderd,BEGIN - IES.DataBridge.Loaders.WhosOnlineLoader.UpdateLastAccessTime ,0
4/19/2018 21:34:57,ACCT04\paliderd,IES.DataBridge.Loaders.WhosOnlineLoader.UpdateLastAccessTime ,304
4/19/2018 21:34:58,ACCT04\paliderd,ACTION - GetSectionsForRevision,1283
4/19/2018 21:34:58,ACCT04\paliderd,BEGIN - IES.DataBridge.Loaders.WhosOnlineLoader.UpdateLastAccessTime ,0
4/19/2018 21:34:58,ACCT04\paliderd,IES.DataBridge.Loaders.WhosOnlineLoader.UpdateLastAccessTime ,260
4/19/2018 21:34:58,ACCT04\paliderd,BEGIN - IES.DataBridge.Loaders.RateDetailLoader.GetRatesForRdsbDocument ,0
4/19/2018 21:34:58,ACCT04\paliderd,IES.DataBridge.Loaders.RateDetailLoader.GetRatesForRdsbDocument ,148
4/19/2018 21:34:58,ACCT04\paliderd,ACTION - GetRateCodesForRevision,153
4/19/2018 21:35:17,ACCT04\paliderd,BEGIN - IES.DataBridge.Loaders.WhosOnlineLoader.UpdateLastAccessTime ,0
4/19/2018 21:35:18,ACCT04\paliderd,IES.DataBridge.Loaders.WhosOnlineLoader.UpdateLastAccessTime ,219
4/19/2018 21:35:18,ACCT04\paliderd,BEGIN - GenTRAC.DataBridge.DTO.IUserMapper.GetByNtid UserMapper.GetByNtid,0
4/19/2018 21:35:18,ACCT04\paliderd,BEGIN - GenTRAC.DataBridge.DTO.UserLoader.UserExists UserLoader.UserExists,0
4/19/2018 21:35:18,ACCT04\paliderd,GenTRAC.DataBridge.DTO.UserLoader.UserExists UserLoader.UserExists,97
4/19/2018 21:35:18,ACCT04\paliderd,GenTRAC.DataBridge.DTO.IUserMapper.GetByNtid UserMapper.GetByNtid,98
4/19/2018 21:35:18,ACCT04\paliderd,BEGIN - IES.DataBridge.Loaders.RevisionLoader.GetAll ,0
4/19/2018 21:35:18,ACCT04\paliderd,IES.DataBridge.Loaders.RevisionLoader.GetAll ,119
4/19/2018 21:35:18,ACCT04\paliderd,BEGIN - IES.DataBridge.Loaders.RateDetailLoader.GetRatesForRdsbDocument ,0
4/19/2018 21:35:18,ACCT04\paliderd,IES.DataBridge.Loaders.RateDetailLoader.GetRatesForRdsbDocument ,99
4/19/2018 21:35:19,ACCT04\paliderd,BEGIN - IES.DataBridge.Common.DataLoader`1[[IES.DataBridge.ModelViews.DocumentDetailModelView, IES.DataBridge, Version=1.0.0.0, Culture=neutral, PublicKeyToken=null]].Save ,0
4/19/2018 21:35:19,ACCT04\paliderd,BEGIN - IES.DataBridge.Common.DataLoader`1[[IES.DataBridge.ModelViews.DocumentDetailModelView, IES.DataBridge, Version=1.0.0.0, Culture=neutral, PublicKeyToken=null]].Upsert ,0
4/19/2018 21:35:20,ACCT04\paliderd,IES.DataBridge.Common.DataLoader`1[[IES.DataBridge.ModelViews.DocumentDetailModelView, IES.DataBridge, Version=1.0.0.0, Culture=neutral, PublicKeyToken=null]].Upsert ,219
4/19/2018 21:35:20,ACCT04\paliderd,BEGIN - IES.DataBridge.Common.DataLoader`1[[IES.DataBridge.ModelViews.RdsbRateCodeXrefModelView, IES.DataBridge, Version=1.0.0.0, Culture=neutral, PublicKeyToken=null]].BulkSave ,0
4/19/2018 21:35:20,ACCT04\paliderd,IES.DataBridge.Common.DataLoader`1[[IES.DataBridge.ModelViews.RdsbRateCodeXrefModelView, IES.DataBridge, Version=1.0.0.0, Culture=neutral, PublicKeyToken=null]].BulkSave ,197
4/19/2018 21:35:20,ACCT04\paliderd,BEGIN - IES.DataBridge.Common.DataLoader`1[[IES.DataBridge.ModelViews.RdsbSectionXrefModelView, IES.DataBridge, Version=1.0.0.0, Culture=neutral, PublicKeyToken=null]].BulkSave ,0
4/19/2018 21:35:20,ACCT04\paliderd,IES.DataBridge.Common.DataLoader`1[[IES.DataBridge.ModelViews.RdsbSectionXrefModelView, IES.DataBridge, Version=1.0.0.0, Culture=neutral, PublicKeyToken=null]].BulkSave ,96
4/19/2018 21:35:20,ACCT04\paliderd,IES.DataBridge.Common.DataLoader`1[[IES.DataBridge.ModelViews.DocumentDetailModelView, IES.DataBridge, Version=1.0.0.0, Culture=neutral, PublicKeyToken=null]].Save ,521
4/19/2018 21:35:20,ACCT04\paliderd,ACTION - Save,2372
4/19/2018 21:38:34,ACCT04\paliderd,BEGIN - IES.DataBridge.Loaders.WhosOnlineLoader.UpdateLastAccessTime ,0
4/19/2018 21:38:35,ACCT04\paliderd,IES.DataBridge.Loaders.WhosOnlineLoader.UpdateLastAccessTime ,1374
4/19/2018 21:38:35,ACCT04\paliderd,BEGIN - GenTRAC.DataBridge.DTO.IUserMapper.GetByNtid UserMapper.GetByNtid,0
4/19/2018 21:38:35,ACCT04\paliderd,BEGIN - GenTRAC.DataBridge.DTO.UserLoader.UserExists UserLoader.UserExists,0
4/19/2018 21:38:36,ACCT04\paliderd,GenTRAC.DataBridge.DTO.UserLoader.UserExists UserLoader.UserExists,809
4/19/2018 21:38:36,ACCT04\paliderd,BEGIN - GenTRAC.DataBridge.DTO.UserLoader.GetByNtid UserLoader.GetUserByNtid,0
4/19/2018 21:38:36,ACCT04\paliderd,GenTRAC.DataBridge.DTO.UserLoader.GetByNtid UserLoader.GetUserByNtid,173
4/19/2018 21:38:36,ACCT04\paliderd,MISS - GetByNtid -> Key: user_paliderd,176
4/19/2018 21:38:36,ACCT04\paliderd,GenTRAC.DataBridge.DTO.IUserMapper.GetByNtid UserMapper.GetByNtid,998
4/19/2018 21:38:37,ACCT04\paliderd,BEGIN - GenTRAC.DataBridge.DTO.ProposalLoader.GetByIds ProposalLoader.GetByIds,0
4/19/2018 21:38:38,ACCT04\paliderd,GenTRAC.DataBridge.DTO.ProposalLoader.GetByIds ProposalLoader.GetByIds,552
4/19/2018 21:38:38,ACCT04\paliderd,BEGIN - IES.DataBridge.Loaders.RevisionLoader.GetAll ,0
4/19/2018 21:38:38,ACCT04\paliderd,IES.DataBridge.Loaders.RevisionLoader.GetAll ,141
4/19/2018 21:38:38,ACCT04\paliderd,ACTION - Edit,3311
4/19/2018 21:38:50,ACCT04\paliderd,BEGIN - IES.DataBridge.Loaders.WhosOnlineLoader.UpdateLastAccessTime ,0
4/19/2018 21:38:50,ACCT04\paliderd,IES.DataBridge.Loaders.WhosOnlineLoader.UpdateLastAccessTime ,250
4/19/2018 21:38:52,ACCT04\paliderd,ACTION - GetSectionsForRevision,1459
4/19/2018 21:38:52,ACCT04\paliderd,BEGIN - IES.DataBridge.Loaders.WhosOnlineLoader.UpdateLastAccessTime ,0
4/19/2018 21:38:52,ACCT04\paliderd,IES.DataBridge.Loaders.WhosOnlineLoader.UpdateLastAccessTime ,218
4/19/2018 21:38:52,ACCT04\paliderd,BEGIN - IES.DataBridge.Loaders.RateDetailLoader.GetRatesForRdsbDocument ,0
4/19/2018 21:38:52,ACCT04\paliderd,IES.DataBridge.Loaders.RateDetailLoader.GetRatesForRdsbDocument ,127
4/19/2018 21:38:52,ACCT04\paliderd,ACTION - GetRateCodesForRevision,133
4/19/2018 21:39:13,ACCT04\paliderd,BEGIN - IES.DataBridge.Loaders.WhosOnlineLoader.UpdateLastAccessTime ,0
4/19/2018 21:39:13,ACCT04\paliderd,IES.DataBridge.Loaders.WhosOnlineLoader.UpdateLastAccessTime ,220
4/19/2018 21:39:13,ACCT04\paliderd,BEGIN - GenTRAC.DataBridge.DTO.IUserMapper.GetByNtid UserMapper.GetByNtid,0
4/19/2018 21:39:13,ACCT04\paliderd,BEGIN - GenTRAC.DataBridge.DTO.UserLoader.UserExists UserLoader.UserExists,0
4/19/2018 21:39:13,ACCT04\paliderd,GenTRAC.DataBridge.DTO.UserLoader.UserExists UserLoader.UserExists,126
4/19/2018 21:39:13,ACCT04\paliderd,GenTRAC.DataBridge.DTO.IUserMapper.GetByNtid UserMapper.GetByNtid,126
4/19/2018 21:39:13,ACCT04\paliderd,BEGIN - IES.DataBridge.Loaders.RevisionLoader.GetAll ,0
4/19/2018 21:39:14,ACCT04\paliderd,IES.DataBridge.Loaders.RevisionLoader.GetAll ,132
4/19/2018 21:39:14,ACCT04\paliderd,BEGIN - IES.DataBridge.Loaders.RateDetailLoader.GetRatesForRdsbDocument ,0
4/19/2018 21:39:14,ACCT04\paliderd,IES.DataBridge.Loaders.RateDetailLoader.GetRatesForRdsbDocument ,116
4/19/2018 21:39:15,ACCT04\paliderd,BEGIN - IES.DataBridge.Common.DataLoader`1[[IES.DataBridge.ModelViews.DocumentDetailModelView, IES.DataBridge, Version=1.0.0.0, Culture=neutral, PublicKeyToken=null]].Save ,0
4/19/2018 21:39:15,ACCT04\paliderd,BEGIN - IES.DataBridge.Common.DataLoader`1[[IES.DataBridge.ModelViews.DocumentDetailModelView, IES.DataBridge, Version=1.0.0.0, Culture=neutral, PublicKeyToken=null]].Upsert ,0
4/19/2018 21:39:15,ACCT04\paliderd,IES.DataBridge.Common.DataLoader`1[[IES.DataBridge.ModelViews.DocumentDetailModelView, IES.DataBridge, Version=1.0.0.0, Culture=neutral, PublicKeyToken=null]].Upsert ,204
4/19/2018 21:39:15,ACCT04\paliderd,BEGIN - IES.DataBridge.Common.DataLoader`1[[IES.DataBridge.ModelViews.RdsbRateCodeXrefModelView, IES.DataBridge, Version=1.0.0.0, Culture=neutral, PublicKeyToken=null]].BulkSave ,0
4/19/2018 21:39:15,ACCT04\paliderd,IES.DataBridge.Common.DataLoader`1[[IES.DataBridge.ModelViews.RdsbRateCodeXrefModelView, IES.DataBridge, Version=1.0.0.0, Culture=neutral, PublicKeyToken=null]].BulkSave ,172
4/19/2018 21:39:15,ACCT04\paliderd,BEGIN - IES.DataBridge.Common.DataLoader`1[[IES.DataBridge.ModelViews.RdsbSectionXrefModelView, IES.DataBridge, Version=1.0.0.0, Culture=neutral, PublicKeyToken=null]].BulkSave ,0
4/19/2018 21:39:15,ACCT04\paliderd,IES.DataBridge.Common.DataLoader`1[[IES.DataBridge.ModelViews.RdsbSectionXrefModelView, IES.DataBridge, Version=1.0.0.0, Culture=neutral, PublicKeyToken=null]].BulkSave ,103
4/19/2018 21:39:15,ACCT04\paliderd,IES.DataBridge.Common.DataLoader`1[[IES.DataBridge.ModelViews.DocumentDetailModelView, IES.DataBridge, Version=1.0.0.0, Culture=neutral, PublicKeyToken=null]].Save ,487
4/19/2018 21:39:15,ACCT04\paliderd,ACTION - Save,2411
4/19/2018 21:39:16,ACCT04\paliderd,BEGIN - IES.DataBridge.Loaders.WhosOnlineLoader.UpdateLastAccessTime ,0
4/19/2018 21:39:16,ACCT04\paliderd,IES.DataBridge.Loaders.WhosOnlineLoader.UpdateLastAccessTime ,206
4/19/2018 21:39:16,ACCT04\paliderd,ACTION - GetData,53
4/19/2018 21:41:10,ACCT04\paliderd,BEGIN - IES.DataBridge.Loaders.WhosOnlineLoader.UpdateLastAccessTime ,0
4/19/2018 21:41:11,ACCT04\paliderd,IES.DataBridge.Loaders.WhosOnlineLoader.UpdateLastAccessTime ,1637
4/19/2018 21:41:11,ACCT04\paliderd,BEGIN - GenTRAC.DataBridge.DTO.IUserMapper.GetByNtid UserMapper.GetByNtid,0
4/19/2018 21:41:11,ACCT04\paliderd,BEGIN - GenTRAC.DataBridge.DTO.UserLoader.UserExists UserLoader.UserExists,0
4/19/2018 21:41:12,ACCT04\paliderd,GenTRAC.DataBridge.DTO.UserLoader.UserExists UserLoader.UserExists,837
4/19/2018 21:41:12,ACCT04\paliderd,BEGIN - GenTRAC.DataBridge.DTO.UserLoader.GetByNtid UserLoader.GetUserByNtid,0
4/19/2018 21:41:12,ACCT04\paliderd,GenTRAC.DataBridge.DTO.UserLoader.GetByNtid UserLoader.GetUserByNtid,157
4/19/2018 21:41:12,ACCT04\paliderd,MISS - GetByNtid -> Key: user_paliderd,160
4/19/2018 21:41:12,ACCT04\paliderd,GenTRAC.DataBridge.DTO.IUserMapper.GetByNtid UserMapper.GetByNtid,1009
4/19/2018 21:41:13,ACCT04\paliderd,BEGIN - GenTRAC.DataBridge.DTO.ProposalLoader.GetByIds ProposalLoader.GetByIds,0
4/19/2018 21:41:13,ACCT04\paliderd,GenTRAC.DataBridge.DTO.ProposalLoader.GetByIds ProposalLoader.GetByIds,329
4/19/2018 21:41:13,ACCT04\paliderd,BEGIN - IES.DataBridge.Loaders.RevisionLoader.GetAll ,0
4/19/2018 21:41:14,ACCT04\paliderd,IES.DataBridge.Loaders.RevisionLoader.GetAll ,114
4/19/2018 21:41:14,ACCT04\paliderd,ACTION - Edit,2691
4/19/2018 21:41:24,ACCT04\paliderd,BEGIN - IES.DataBridge.Loaders.WhosOnlineLoader.UpdateLastAccessTime ,0
4/19/2018 21:41:24,ACCT04\paliderd,IES.DataBridge.Loaders.WhosOnlineLoader.UpdateLastAccessTime ,219
4/19/2018 21:41:25,ACCT04\paliderd,ACTION - GetSectionsForRevision,1343
4/19/2018 21:41:26,ACCT04\paliderd,BEGIN - IES.DataBridge.Loaders.WhosOnlineLoader.UpdateLastAccessTime ,0
4/19/2018 21:41:26,ACCT04\paliderd,IES.DataBridge.Loaders.WhosOnlineLoader.UpdateLastAccessTime ,258
4/19/2018 21:41:26,ACCT04\paliderd,BEGIN - IES.DataBridge.Loaders.RateDetailLoader.GetRatesForRdsbDocument ,0
4/19/2018 21:41:26,ACCT04\paliderd,IES.DataBridge.Loaders.RateDetailLoader.GetRatesForRdsbDocument ,207
4/19/2018 21:41:26,ACCT04\paliderd,ACTION - GetRateCodesForRevision,212
4/19/2018 21:42:28,ACCT04\paliderd,BEGIN - IES.DataBridge.Loaders.WhosOnlineLoader.UpdateLastAccessTime ,0
4/19/2018 21:42:28,ACCT04\paliderd,IES.DataBridge.Loaders.WhosOnlineLoader.UpdateLastAccessTime ,237
4/19/2018 21:42:28,ACCT04\paliderd,BEGIN - GenTRAC.DataBridge.DTO.IUserMapper.GetByNtid UserMapper.GetByNtid,0
4/19/2018 21:42:28,ACCT04\paliderd,BEGIN - GenTRAC.DataBridge.DTO.UserLoader.UserExists UserLoader.UserExists,0
4/19/2018 21:42:28,ACCT04\paliderd,GenTRAC.DataBridge.DTO.UserLoader.UserExists UserLoader.UserExists,89
4/19/2018 21:42:28,ACCT04\paliderd,GenTRAC.DataBridge.DTO.IUserMapper.GetByNtid UserMapper.GetByNtid,89
4/19/2018 21:42:28,ACCT04\paliderd,BEGIN - IES.DataBridge.Loaders.RevisionLoader.GetAll ,0
4/19/2018 21:42:28,ACCT04\paliderd,IES.DataBridge.Loaders.RevisionLoader.GetAll ,102
4/19/2018 21:42:28,ACCT04\paliderd,BEGIN - IES.DataBridge.Loaders.RateDetailLoader.GetRatesForRdsbDocument ,0
4/19/2018 21:42:28,ACCT04\paliderd,IES.DataBridge.Loaders.RateDetailLoader.GetRatesForRdsbDocument ,92
4/19/2018 21:42:29,ACCT04\paliderd,BEGIN - IES.DataBridge.Common.DataLoader`1[[IES.DataBridge.ModelViews.DocumentDetailModelView, IES.DataBridge, Version=1.0.0.0, Culture=neutral, PublicKeyToken=null]].Save ,0
4/19/2018 21:42:29,ACCT04\paliderd,BEGIN - IES.DataBridge.Common.DataLoader`1[[IES.DataBridge.ModelViews.DocumentDetailModelView, IES.DataBridge, Version=1.0.0.0, Culture=neutral, PublicKeyToken=null]].Upsert ,0
4/19/2018 21:42:30,ACCT04\paliderd,IES.DataBridge.Common.DataLoader`1[[IES.DataBridge.ModelViews.DocumentDetailModelView, IES.DataBridge, Version=1.0.0.0, Culture=neutral, PublicKeyToken=null]].Upsert ,179
4/19/2018 21:42:30,ACCT04\paliderd,BEGIN - IES.DataBridge.Common.DataLoader`1[[IES.DataBridge.ModelViews.RdsbRateCodeXrefModelView, IES.DataBridge, Version=1.0.0.0, Culture=neutral, PublicKeyToken=null]].BulkSave ,0
4/19/2018 21:42:30,ACCT04\paliderd,IES.DataBridge.Common.DataLoader`1[[IES.DataBridge.ModelViews.RdsbRateCodeXrefModelView, IES.DataBridge, Version=1.0.0.0, Culture=neutral, PublicKeyToken=null]].BulkSave ,162
4/19/2018 21:42:30,ACCT04\paliderd,BEGIN - IES.DataBridge.Common.DataLoader`1[[IES.DataBridge.ModelViews.RdsbSectionXrefModelView, IES.DataBridge, Version=1.0.0.0, Culture=neutral, PublicKeyToken=null]].BulkSave ,0
4/19/2018 21:42:30,ACCT04\paliderd,IES.DataBridge.Common.DataLoader`1[[IES.DataBridge.ModelViews.RdsbSectionXrefModelView, IES.DataBridge, Version=1.0.0.0, Culture=neutral, PublicKeyToken=null]].BulkSave ,117
4/19/2018 21:42:30,ACCT04\paliderd,IES.DataBridge.Common.DataLoader`1[[IES.DataBridge.ModelViews.DocumentDetailModelView, IES.DataBridge, Version=1.0.0.0, Culture=neutral, PublicKeyToken=null]].Save ,466
4/19/2018 21:42:30,ACCT04\paliderd,ACTION - Save,2195
4/19/2018 21:42:30,ACCT04\paliderd,BEGIN - IES.DataBridge.Loaders.WhosOnlineLoader.UpdateLastAccessTime ,0
4/19/2018 21:42:30,ACCT04\paliderd,IES.DataBridge.Loaders.WhosOnlineLoader.UpdateLastAccessTime ,241
4/19/2018 21:42:30,ACCT04\paliderd,BEGIN - GenTRAC.DataBridge.DTO.ProposalLoader.GetByIds ProposalLoader.GetByIds,0
4/19/2018 21:42:31,ACCT04\paliderd,GenTRAC.DataBridge.DTO.ProposalLoader.GetByIds ProposalLoader.GetByIds,138
4/19/2018 21:42:31,ACCT04\paliderd,BEGIN - IES.DataBridge.Loaders.RevisionLoader.GetAll ,0
4/19/2018 21:42:31,ACCT04\paliderd,IES.DataBridge.Loaders.RevisionLoader.GetAll ,114
4/19/2018 21:42:31,ACCT04\paliderd,ACTION - GetData,404
4/19/2018 21:42:56,ACCT04\paliderd,BEGIN - IES.DataBridge.Loaders.WhosOnlineLoader.UpdateLastAccessTime ,0
4/19/2018 21:42:56,ACCT04\paliderd,IES.DataBridge.Loaders.WhosOnlineLoader.UpdateLastAccessTime ,220
4/19/2018 21:45:25,ACCT04\paliderd,BEGIN - IES.DataBridge.Loaders.WhosOnlineLoader.UpdateLastAccessTime ,0
4/19/2018 21:45:25,ACCT04\paliderd,IES.DataBridge.Loaders.WhosOnlineLoader.UpdateLastAccessTime ,209
4/19/2018 21:45:25,ACCT04\paliderd,BEGIN - GenTRAC.DataBridge.DTO.IUserMapper.GetByNtid UserMapper.GetByNtid,0
4/19/2018 21:45:25,ACCT04\paliderd,BEGIN - GenTRAC.DataBridge.DTO.UserLoader.UserExists UserLoader.UserExists,0
4/19/2018 21:45:25,ACCT04\paliderd,GenTRAC.DataBridge.DTO.UserLoader.UserExists UserLoader.UserExists,118
4/19/2018 21:45:25,ACCT04\paliderd,GenTRAC.DataBridge.DTO.IUserMapper.GetByNtid UserMapper.GetByNtid,118
4/19/2018 21:45:25,ACCT04\paliderd,BEGIN - GenTRAC.DataBridge.DTO.ProposalLoader.GetByIds ProposalLoader.GetByIds,0
4/19/2018 21:45:26,ACCT04\paliderd,GenTRAC.DataBridge.DTO.ProposalLoader.GetByIds ProposalLoader.GetByIds,170
4/19/2018 21:45:26,ACCT04\paliderd,BEGIN - IES.DataBridge.Loaders.RevisionLoader.GetAll ,0
4/19/2018 21:45:26,ACCT04\paliderd,IES.DataBridge.Loaders.RevisionLoader.GetAll ,119
4/19/2018 21:45:26,ACCT04\paliderd,ACTION - Edit,1102
4/19/2018 21:45:29,ACCT04\paliderd,BEGIN - IES.DataBridge.Loaders.WhosOnlineLoader.UpdateLastAccessTime ,0
4/19/2018 21:45:30,ACCT04\paliderd,IES.DataBridge.Loaders.WhosOnlineLoader.UpdateLastAccessTime ,451
4/19/2018 21:45:31,ACCT04\paliderd,ACTION - GetSectionsForRevision,1389
4/19/2018 21:45:33,ACCT04\paliderd,BEGIN - IES.DataBridge.Loaders.WhosOnlineLoader.UpdateLastAccessTime ,0
4/19/2018 21:45:34,ACCT04\paliderd,IES.DataBridge.Loaders.WhosOnlineLoader.UpdateLastAccessTime ,286
4/19/2018 21:45:34,ACCT04\paliderd,BEGIN - IES.DataBridge.Loaders.RateDetailLoader.GetRatesForRdsbDocument ,0
4/19/2018 21:45:34,ACCT04\paliderd,IES.DataBridge.Loaders.RateDetailLoader.GetRatesForRdsbDocument ,155
4/19/2018 21:45:34,ACCT04\paliderd,ACTION - GetRateCodesForRevision,156
4/19/2018 21:45:51,ACCT04\paliderd,BEGIN - IES.DataBridge.Loaders.WhosOnlineLoader.UpdateLastAccessTime ,0
4/19/2018 21:45:51,ACCT04\paliderd,IES.DataBridge.Loaders.WhosOnlineLoader.UpdateLastAccessTime ,216
4/19/2018 21:45:51,ACCT04\paliderd,BEGIN - GenTRAC.DataBridge.DTO.IUserMapper.GetByNtid UserMapper.GetByNtid,0
4/19/2018 21:45:51,ACCT04\paliderd,GenTRAC.DataBridge.DTO.IUserMapper.GetByNtid UserMapper.GetByNtid,0
4/19/2018 21:45:52,ACCT04\paliderd,BEGIN - IES.DataBridge.Loaders.RevisionLoader.GetAll ,0
4/19/2018 21:45:52,ACCT04\paliderd,IES.DataBridge.Loaders.RevisionLoader.GetAll ,138
4/19/2018 21:45:52,ACCT04\paliderd,BEGIN - IES.DataBridge.Loaders.RateDetailLoader.GetRatesForRdsbDocument ,0
4/19/2018 21:45:52,ACCT04\paliderd,IES.DataBridge.Loaders.RateDetailLoader.GetRatesForRdsbDocument ,101
4/19/2018 21:45:53,ACCT04\paliderd,BEGIN - IES.DataBridge.Common.DataLoader`1[[IES.DataBridge.ModelViews.DocumentDetailModelView, IES.DataBridge, Version=1.0.0.0, Culture=neutral, PublicKeyToken=null]].Save ,0
4/19/2018 21:45:53,ACCT04\paliderd,BEGIN - IES.DataBridge.Common.DataLoader`1[[IES.DataBridge.ModelViews.DocumentDetailModelView, IES.DataBridge, Version=1.0.0.0, Culture=neutral, PublicKeyToken=null]].Upsert ,0
4/19/2018 21:45:53,ACCT04\paliderd,IES.DataBridge.Common.DataLoader`1[[IES.DataBridge.ModelViews.DocumentDetailModelView, IES.DataBridge, Version=1.0.0.0, Culture=neutral, PublicKeyToken=null]].Upsert ,166
4/19/2018 21:45:53,ACCT04\paliderd,BEGIN - IES.DataBridge.Common.DataLoader`1[[IES.DataBridge.ModelViews.RdsbRateCodeXrefModelView, IES.DataBridge, Version=1.0.0.0, Culture=neutral, PublicKeyToken=null]].BulkSave ,0
4/19/2018 21:45:53,ACCT04\paliderd,IES.DataBridge.Common.DataLoader`1[[IES.DataBridge.ModelViews.RdsbRateCodeXrefModelView, IES.DataBridge, Version=1.0.0.0, Culture=neutral, PublicKeyToken=null]].BulkSave ,143
4/19/2018 21:45:53,ACCT04\paliderd,BEGIN - IES.DataBridge.Common.DataLoader`1[[IES.DataBridge.ModelViews.RdsbSectionXrefModelView, IES.DataBridge, Version=1.0.0.0, Culture=neutral, PublicKeyToken=null]].BulkSave ,0
4/19/2018 21:45:54,ACCT04\paliderd,IES.DataBridge.Common.DataLoader`1[[IES.DataBridge.ModelViews.RdsbSectionXrefModelView, IES.DataBridge, Version=1.0.0.0, Culture=neutral, PublicKeyToken=null]].BulkSave ,140
4/19/2018 21:45:54,ACCT04\paliderd,IES.DataBridge.Common.DataLoader`1[[IES.DataBridge.ModelViews.DocumentDetailModelView, IES.DataBridge, Version=1.0.0.0, Culture=neutral, PublicKeyToken=null]].Save ,451
4/19/2018 21:45:54,ACCT04\paliderd,ACTION - Save,2294
4/19/2018 21:45:54,ACCT04\paliderd,BEGIN - IES.DataBridge.Loaders.WhosOnlineLoader.UpdateLastAccessTime ,0
4/19/2018 21:45:54,ACCT04\paliderd,IES.DataBridge.Loaders.WhosOnlineLoader.UpdateLastAccessTime ,252
4/19/2018 21:45:54,ACCT04\paliderd,BEGIN - GenTRAC.DataBridge.DTO.ProposalLoader.GetByIds ProposalLoader.GetByIds,0
4/19/2018 21:45:54,ACCT04\paliderd,GenTRAC.DataBridge.DTO.ProposalLoader.GetByIds ProposalLoader.GetByIds,205
4/19/2018 21:45:54,ACCT04\paliderd,BEGIN - IES.DataBridge.Loaders.RevisionLoader.GetAll ,0
4/19/2018 21:45:55,ACCT04\paliderd,IES.DataBridge.Loaders.RevisionLoader.GetAll ,140
4/19/2018 21:45:55,ACCT04\paliderd,ACTION - GetData,474
4/19/2018 21:46:38,ACCT04\paliderd,BEGIN - IES.DataBridge.Loaders.WhosOnlineLoader.UpdateLastAccessTime ,0
4/19/2018 21:46:39,ACCT04\paliderd,IES.DataBridge.Loaders.WhosOnlineLoader.UpdateLastAccessTime ,218
4/19/2018 21:46:39,ACCT04\paliderd,BEGIN - GenTRAC.DataBridge.DTO.IUserMapper.GetByNtid UserMapper.GetByNtid,0
4/19/2018 21:46:39,ACCT04\paliderd,BEGIN - GenTRAC.DataBridge.DTO.UserLoader.UserExists UserLoader.UserExists,0
4/19/2018 21:46:39,ACCT04\paliderd,GenTRAC.DataBridge.DTO.UserLoader.UserExists UserLoader.UserExists,112
4/19/2018 21:46:39,ACCT04\paliderd,GenTRAC.DataBridge.DTO.IUserMapper.GetByNtid UserMapper.GetByNtid,113
4/19/2018 21:46:39,ACCT04\paliderd,BEGIN - GenTRAC.DataBridge.DTO.ProposalLoader.GetByIds ProposalLoader.GetByIds,0
4/19/2018 21:46:39,ACCT04\paliderd,GenTRAC.DataBridge.DTO.ProposalLoader.GetByIds ProposalLoader.GetByIds,155
4/19/2018 21:46:39,ACCT04\paliderd,BEGIN - IES.DataBridge.Loaders.RevisionLoader.GetAll ,0
4/19/2018 21:46:39,ACCT04\paliderd,IES.DataBridge.Loaders.RevisionLoader.GetAll ,131
4/19/2018 21:46:39,ACCT04\paliderd,ACTION - Edit,781
4/19/2018 21:46:42,ACCT04\paliderd,BEGIN - IES.DataBridge.Loaders.WhosOnlineLoader.UpdateLastAccessTime ,0
4/19/2018 21:46:42,ACCT04\paliderd,IES.DataBridge.Loaders.WhosOnlineLoader.UpdateLastAccessTime ,241
4/19/2018 21:46:43,ACCT04\paliderd,ACTION - GetSectionsForRevision,1214
4/19/2018 21:46:45,ACCT04\paliderd,BEGIN - IES.DataBridge.Loaders.WhosOnlineLoader.UpdateLastAccessTime ,0
4/19/2018 21:46:45,ACCT04\paliderd,IES.DataBridge.Loaders.WhosOnlineLoader.UpdateLastAccessTime ,233
4/19/2018 21:46:45,ACCT04\paliderd,BEGIN - IES.DataBridge.Loaders.RateDetailLoader.GetRatesForRdsbDocument ,0
4/19/2018 21:46:45,ACCT04\paliderd,IES.DataBridge.Loaders.RateDetailLoader.GetRatesForRdsbDocument ,119
4/19/2018 21:46:45,ACCT04\paliderd,ACTION - GetRateCodesForRevision,119
4/19/2018 21:48:06,ACCT04\paliderd,BEGIN - IES.DataBridge.Loaders.WhosOnlineLoader.UpdateLastAccessTime ,0
4/19/2018 21:48:06,ACCT04\paliderd,IES.DataBridge.Loaders.WhosOnlineLoader.UpdateLastAccessTime ,223
4/19/2018 21:48:06,ACCT04\paliderd,BEGIN - GenTRAC.DataBridge.DTO.IUserMapper.GetByNtid UserMapper.GetByNtid,0
4/19/2018 21:48:06,ACCT04\paliderd,BEGIN - GenTRAC.DataBridge.DTO.UserLoader.UserExists UserLoader.UserExists,0
4/19/2018 21:48:07,ACCT04\paliderd,GenTRAC.DataBridge.DTO.UserLoader.UserExists UserLoader.UserExists,119
4/19/2018 21:48:07,ACCT04\paliderd,GenTRAC.DataBridge.DTO.IUserMapper.GetByNtid UserMapper.GetByNtid,120
4/19/2018 21:48:07,ACCT04\paliderd,BEGIN - IES.DataBridge.Loaders.RevisionLoader.GetAll ,0
4/19/2018 21:48:07,ACCT04\paliderd,IES.DataBridge.Loaders.RevisionLoader.GetAll ,123
4/19/2018 21:48:07,ACCT04\paliderd,BEGIN - IES.DataBridge.Loaders.RateDetailLoader.GetRatesForRdsbDocument ,0
4/19/2018 21:48:07,ACCT04\paliderd,IES.DataBridge.Loaders.RateDetailLoader.GetRatesForRdsbDocument ,111
4/19/2018 21:48:08,ACCT04\paliderd,BEGIN - IES.DataBridge.Common.DataLoader`1[[IES.DataBridge.ModelViews.DocumentDetailModelView, IES.DataBridge, Version=1.0.0.0, Culture=neutral, PublicKeyToken=null]].Save ,0
4/19/2018 21:48:08,ACCT04\paliderd,BEGIN - IES.DataBridge.Common.DataLoader`1[[IES.DataBridge.ModelViews.DocumentDetailModelView, IES.DataBridge, Version=1.0.0.0, Culture=neutral, PublicKeyToken=null]].Upsert ,0
4/19/2018 21:48:08,ACCT04\paliderd,IES.DataBridge.Common.DataLoader`1[[IES.DataBridge.ModelViews.DocumentDetailModelView, IES.DataBridge, Version=1.0.0.0, Culture=neutral, PublicKeyToken=null]].Upsert ,172
4/19/2018 21:48:08,ACCT04\paliderd,BEGIN - IES.DataBridge.Common.DataLoader`1[[IES.DataBridge.ModelViews.RdsbRateCodeXrefModelView, IES.DataBridge, Version=1.0.0.0, Culture=neutral, PublicKeyToken=null]].BulkSave ,0
4/19/2018 21:48:09,ACCT04\paliderd,IES.DataBridge.Common.DataLoader`1[[IES.DataBridge.ModelViews.RdsbRateCodeXrefModelView, IES.DataBridge, Version=1.0.0.0, Culture=neutral, PublicKeyToken=null]].BulkSave ,170
4/19/2018 21:48:09,ACCT04\paliderd,BEGIN - IES.DataBridge.Common.DataLoader`1[[IES.DataBridge.ModelViews.RdsbSectionXrefModelView, IES.DataBridge, Version=1.0.0.0, Culture=neutral, PublicKeyToken=null]].BulkSave ,0
4/19/2018 21:48:09,ACCT04\paliderd,IES.DataBridge.Common.DataLoader`1[[IES.DataBridge.ModelViews.RdsbSectionXrefModelView, IES.DataBridge, Version=1.0.0.0, Culture=neutral, PublicKeyToken=null]].BulkSave ,113
4/19/2018 21:48:09,ACCT04\paliderd,IES.DataBridge.Common.DataLoader`1[[IES.DataBridge.ModelViews.DocumentDetailModelView, IES.DataBridge, Version=1.0.0.0, Culture=neutral, PublicKeyToken=null]].Save ,457
4/19/2018 21:48:09,ACCT04\paliderd,ACTION - Save,2444
4/19/2018 21:48:09,ACCT04\paliderd,BEGIN - IES.DataBridge.Loaders.WhosOnlineLoader.UpdateLastAccessTime ,0
4/19/2018 21:48:09,ACCT04\paliderd,IES.DataBridge.Loaders.WhosOnlineLoader.UpdateLastAccessTime ,217
4/19/2018 21:48:09,ACCT04\paliderd,BEGIN - GenTRAC.DataBridge.DTO.ProposalLoader.GetByIds ProposalLoader.GetByIds,0
4/19/2018 21:48:09,ACCT04\paliderd,GenTRAC.DataBridge.DTO.ProposalLoader.GetByIds ProposalLoader.GetByIds,139
4/19/2018 21:48:10,ACCT04\paliderd,BEGIN - IES.DataBridge.Loaders.RevisionLoader.GetAll ,0
4/19/2018 21:48:10,ACCT04\paliderd,IES.DataBridge.Loaders.RevisionLoader.GetAll ,101
4/19/2018 21:48:10,ACCT04\paliderd,ACTION - GetData,347
4/19/2018 21:52:34,ACCT04\paliderd,BEGIN - IES.DataBridge.Loaders.WhosOnlineLoader.UpdateLastAccessTime ,0
4/19/2018 21:52:35,ACCT04\paliderd,IES.DataBridge.Loaders.WhosOnlineLoader.UpdateLastAccessTime ,1639
4/19/2018 21:52:36,ACCT04\paliderd,BEGIN - GenTRAC.DataBridge.DTO.IUserMapper.GetByNtid UserMapper.GetByNtid,0
4/19/2018 21:52:36,ACCT04\paliderd,BEGIN - GenTRAC.DataBridge.DTO.UserLoader.UserExists UserLoader.UserExists,0
4/19/2018 21:52:37,ACCT04\paliderd,GenTRAC.DataBridge.DTO.UserLoader.UserExists UserLoader.UserExists,883
4/19/2018 21:52:37,ACCT04\paliderd,BEGIN - GenTRAC.DataBridge.DTO.UserLoader.GetByNtid UserLoader.GetUserByNtid,0
4/19/2018 21:52:37,ACCT04\paliderd,GenTRAC.DataBridge.DTO.UserLoader.GetByNtid UserLoader.GetUserByNtid,166
4/19/2018 21:52:37,ACCT04\paliderd,MISS - GetByNtid -> Key: user_paliderd,169
4/19/2018 21:52:37,ACCT04\paliderd,GenTRAC.DataBridge.DTO.IUserMapper.GetByNtid UserMapper.GetByNtid,1063
4/19/2018 21:52:38,ACCT04\paliderd,BEGIN - GenTRAC.DataBridge.DTO.ProposalLoader.GetAllSlim ProposalLoader.GetAllSlim,0
4/19/2018 21:52:38,ACCT04\paliderd,GenTRAC.DataBridge.DTO.ProposalLoader.GetAllSlim ProposalLoader.GetAllSlim,319
4/19/2018 21:52:38,ACCT04\paliderd,BEGIN - IES.DataBridge.Loaders.RevisionLoader.GetAll ,0
4/19/2018 21:52:38,ACCT04\paliderd,IES.DataBridge.Loaders.RevisionLoader.GetAll ,234
4/19/2018 21:52:40,ACCT04\paliderd,ACTION - Index,4895
4/19/2018 21:52:49,ACCT04\paliderd,BEGIN - IES.DataBridge.Loaders.WhosOnlineLoader.UpdateLastAccessTime ,0
4/19/2018 21:52:49,ACCT04\paliderd,IES.DataBridge.Loaders.WhosOnlineLoader.UpdateLastAccessTime ,231
4/19/2018 21:52:49,ACCT04\paliderd,ACTION - CanViewWhosOnline,1
4/19/2018 21:53:32,ACCT04\paliderd,BEGIN - IES.DataBridge.Loaders.WhosOnlineLoader.UpdateLastAccessTime ,0
4/19/2018 21:53:32,ACCT04\paliderd,IES.DataBridge.Loaders.WhosOnlineLoader.UpdateLastAccessTime ,238
4/19/2018 21:53:32,ACCT04\paliderd,BEGIN - GenTRAC.DataBridge.DTO.IUserMapper.GetByNtid UserMapper.GetByNtid,0
4/19/2018 21:53:32,ACCT04\paliderd,BEGIN - GenTRAC.DataBridge.DTO.UserLoader.UserExists UserLoader.UserExists,0
4/19/2018 21:53:33,ACCT04\paliderd,GenTRAC.DataBridge.DTO.UserLoader.UserExists UserLoader.UserExists,90
4/19/2018 21:53:33,ACCT04\paliderd,GenTRAC.DataBridge.DTO.IUserMapper.GetByNtid UserMapper.GetByNtid,90
4/19/2018 21:53:33,ACCT04\paliderd,BEGIN - GenTRAC.DataBridge.DTO.ProposalLoader.GetByIds ProposalLoader.GetByIds,0
4/19/2018 21:53:33,ACCT04\paliderd,GenTRAC.DataBridge.DTO.ProposalLoader.GetByIds ProposalLoader.GetByIds,448
4/19/2018 21:53:34,ACCT04\paliderd,BEGIN - IES.DataBridge.Loaders.RevisionLoader.GetAll ,0
4/19/2018 21:53:34,ACCT04\paliderd,IES.DataBridge.Loaders.RevisionLoader.GetAll ,115
4/19/2018 21:53:34,ACCT04\paliderd,ACTION - Edit,1200
4/19/2018 21:53:50,ACCT04\paliderd,BEGIN - IES.DataBridge.Loaders.WhosOnlineLoader.UpdateLastAccessTime ,0
4/19/2018 21:53:51,ACCT04\paliderd,IES.DataBridge.Loaders.WhosOnlineLoader.UpdateLastAccessTime ,219
4/19/2018 21:53:51,ACCT04\paliderd,BEGIN - GenTRAC.DataBridge.DTO.IUserMapper.GetByNtid UserMapper.GetByNtid,0
4/19/2018 21:53:51,ACCT04\paliderd,GenTRAC.DataBridge.DTO.IUserMapper.GetByNtid UserMapper.GetByNtid,0
4/19/2018 21:53:51,ACCT04\paliderd,BEGIN - GenTRAC.DataBridge.DTO.ProposalLoader.GetByIds ProposalLoader.GetByIds,0
4/19/2018 21:53:51,ACCT04\paliderd,GenTRAC.DataBridge.DTO.ProposalLoader.GetByIds ProposalLoader.GetByIds,148
4/19/2018 21:53:51,ACCT04\paliderd,BEGIN - IES.DataBridge.Loaders.RevisionLoader.GetAll ,0
4/19/2018 21:53:51,ACCT04\paliderd,IES.DataBridge.Loaders.RevisionLoader.GetAll ,135
4/19/2018 21:53:51,ACCT04\paliderd,ACTION - Edit,671
4/19/2018 21:53:52,ACCT04\paliderd,BEGIN - IES.DataBridge.Loaders.WhosOnlineLoader.UpdateLastAccessTime ,0
4/19/2018 21:53:52,ACCT04\paliderd,IES.DataBridge.Loaders.WhosOnlineLoader.UpdateLastAccessTime ,262
4/19/2018 21:53:52,ACCT04\paliderd,BEGIN - GenTRAC.DataBridge.DTO.IUserMapper.GetByNtid UserMapper.GetByNtid,0
4/19/2018 21:53:52,ACCT04\paliderd,GenTRAC.DataBridge.DTO.IUserMapper.GetByNtid UserMapper.GetByNtid,0
4/19/2018 21:53:52,ACCT04\paliderd,BEGIN - GenTRAC.DataBridge.DTO.ProposalLoader.GetByIds ProposalLoader.GetByIds,0
4/19/2018 21:53:53,ACCT04\paliderd,GenTRAC.DataBridge.DTO.ProposalLoader.GetByIds ProposalLoader.GetByIds,276
4/19/2018 21:53:53,ACCT04\paliderd,BEGIN - IES.DataBridge.Loaders.RevisionLoader.GetAll ,0
4/19/2018 21:53:53,ACCT04\paliderd,IES.DataBridge.Loaders.RevisionLoader.GetAll ,148
4/19/2018 21:53:53,ACCT04\paliderd,ACTION - Edit,567
4/19/2018 21:55:03,ACCT04\paliderd,BEGIN - IES.DataBridge.Loaders.WhosOnlineLoader.UpdateLastAccessTime ,0
4/19/2018 21:55:03,ACCT04\paliderd,IES.DataBridge.Loaders.WhosOnlineLoader.UpdateLastAccessTime ,217
4/19/2018 21:55:03,ACCT04\paliderd,BEGIN - GenTRAC.DataBridge.DTO.IUserMapper.GetByNtid UserMapper.GetByNtid,0
4/19/2018 21:55:03,ACCT04\paliderd,BEGIN - GenTRAC.DataBridge.DTO.UserLoader.UserExists UserLoader.UserExists,0
4/19/2018 21:55:03,ACCT04\paliderd,GenTRAC.DataBridge.DTO.UserLoader.UserExists UserLoader.UserExists,117
4/19/2018 21:55:03,ACCT04\paliderd,GenTRAC.DataBridge.DTO.IUserMapper.GetByNtid UserMapper.GetByNtid,117
4/19/2018 21:55:03,ACCT04\paliderd,BEGIN - GenTRAC.DataBridge.DTO.ProposalLoader.GetByIds ProposalLoader.GetByIds,0
4/19/2018 21:55:03,ACCT04\paliderd,GenTRAC.DataBridge.DTO.ProposalLoader.GetByIds ProposalLoader.GetByIds,200
4/19/2018 21:55:04,ACCT04\paliderd,BEGIN - IES.DataBridge.Loaders.RevisionLoader.GetAll ,0
4/19/2018 21:55:04,ACCT04\paliderd,IES.DataBridge.Loaders.RevisionLoader.GetAll ,124
4/19/2018 21:55:04,ACCT04\paliderd,ACTION - Edit,918
4/19/2018 21:55:50,ACCT04\paliderd,BEGIN - IES.DataBridge.Loaders.WhosOnlineLoader.UpdateLastAccessTime ,0
4/19/2018 21:55:50,ACCT04\paliderd,IES.DataBridge.Loaders.WhosOnlineLoader.UpdateLastAccessTime ,214
4/19/2018 21:55:50,ACCT04\paliderd,BEGIN - GenTRAC.DataBridge.DTO.IUserMapper.GetByNtid UserMapper.GetByNtid,0
4/19/2018 21:55:50,ACCT04\paliderd,BEGIN - GenTRAC.DataBridge.DTO.UserLoader.UserExists UserLoader.UserExists,0
4/19/2018 21:55:50,ACCT04\paliderd,GenTRAC.DataBridge.DTO.UserLoader.UserExists UserLoader.UserExists,99
4/19/2018 21:55:50,ACCT04\paliderd,GenTRAC.DataBridge.DTO.IUserMapper.GetByNtid UserMapper.GetByNtid,99
4/19/2018 21:55:50,ACCT04\paliderd,BEGIN - GenTRAC.DataBridge.DTO.ProposalLoader.GetByIds ProposalLoader.GetByIds,0
4/19/2018 21:55:50,ACCT04\paliderd,GenTRAC.DataBridge.DTO.ProposalLoader.GetByIds ProposalLoader.GetByIds,160
4/19/2018 21:55:51,ACCT04\paliderd,BEGIN - IES.DataBridge.Loaders.RevisionLoader.GetAll ,0
4/19/2018 21:55:51,ACCT04\paliderd,IES.DataBridge.Loaders.RevisionLoader.GetAll ,130
4/19/2018 21:55:51,ACCT04\paliderd,ACTION - Edit,770
4/19/2018 21:56:45,ACCT04\paliderd,BEGIN - IES.DataBridge.Loaders.WhosOnlineLoader.UpdateLastAccessTime ,0
4/19/2018 21:56:45,ACCT04\paliderd,IES.DataBridge.Loaders.WhosOnlineLoader.UpdateLastAccessTime ,231
4/19/2018 21:56:45,ACCT04\paliderd,BEGIN - GenTRAC.DataBridge.DTO.IUserMapper.GetByNtid UserMapper.GetByNtid,0
4/19/2018 21:56:45,ACCT04\paliderd,BEGIN - GenTRAC.DataBridge.DTO.UserLoader.UserExists UserLoader.UserExists,0
4/19/2018 21:56:45,ACCT04\paliderd,GenTRAC.DataBridge.DTO.UserLoader.UserExists UserLoader.UserExists,137
4/19/2018 21:56:45,ACCT04\paliderd,GenTRAC.DataBridge.DTO.IUserMapper.GetByNtid UserMapper.GetByNtid,137
4/19/2018 21:56:46,ACCT04\paliderd,BEGIN - GenTRAC.DataBridge.DTO.ProposalLoader.GetByIds ProposalLoader.GetByIds,0
4/19/2018 21:56:46,ACCT04\paliderd,GenTRAC.DataBridge.DTO.ProposalLoader.GetByIds ProposalLoader.GetByIds,142
4/19/2018 21:56:46,ACCT04\paliderd,BEGIN - IES.DataBridge.Loaders.RevisionLoader.GetAll ,0
4/19/2018 21:56:46,ACCT04\paliderd,IES.DataBridge.Loaders.RevisionLoader.GetAll ,100
4/19/2018 21:56:46,ACCT04\paliderd,ACTION - Edit,774
4/19/2018 21:56:49,ACCT04\paliderd,BEGIN - IES.DataBridge.Loaders.WhosOnlineLoader.UpdateLastAccessTime ,0
4/19/2018 21:56:49,ACCT04\paliderd,IES.DataBridge.Loaders.WhosOnlineLoader.UpdateLastAccessTime ,250
4/19/2018 21:56:50,ACCT04\paliderd,ACTION - GetSectionsForRevision,1459
4/19/2018 21:56:52,ACCT04\paliderd,BEGIN - IES.DataBridge.Loaders.WhosOnlineLoader.UpdateLastAccessTime ,0
4/19/2018 21:56:52,ACCT04\paliderd,IES.DataBridge.Loaders.WhosOnlineLoader.UpdateLastAccessTime ,239
4/19/2018 21:56:52,ACCT04\paliderd,BEGIN - IES.DataBridge.Loaders.RateDetailLoader.GetRatesForRdsbDocument ,0
4/19/2018 21:56:52,ACCT04\paliderd,IES.DataBridge.Loaders.RateDetailLoader.GetRatesForRdsbDocument ,145
4/19/2018 21:56:52,ACCT04\paliderd,ACTION - GetRateCodesForRevision,149
4/19/2018 21:58:34,ACCT04\paliderd,BEGIN - IES.DataBridge.Loaders.WhosOnlineLoader.UpdateLastAccessTime ,0
4/19/2018 21:58:34,ACCT04\paliderd,IES.DataBridge.Loaders.WhosOnlineLoader.UpdateLastAccessTime ,214
4/19/2018 21:58:34,ACCT04\paliderd,BEGIN - GenTRAC.DataBridge.DTO.IUserMapper.GetByNtid UserMapper.GetByNtid,0
4/19/2018 21:58:34,ACCT04\paliderd,BEGIN - GenTRAC.DataBridge.DTO.UserLoader.UserExists UserLoader.UserExists,0
4/19/2018 21:58:34,ACCT04\paliderd,GenTRAC.DataBridge.DTO.UserLoader.UserExists UserLoader.UserExists,97
4/19/2018 21:58:34,ACCT04\paliderd,GenTRAC.DataBridge.DTO.IUserMapper.GetByNtid UserMapper.GetByNtid,98
4/19/2018 21:58:35,ACCT04\paliderd,BEGIN - IES.DataBridge.Loaders.RevisionLoader.GetAll ,0
4/19/2018 21:58:35,ACCT04\paliderd,IES.DataBridge.Loaders.RevisionLoader.GetAll ,110
4/19/2018 21:58:35,ACCT04\paliderd,BEGIN - IES.DataBridge.Loaders.RateDetailLoader.GetRatesForRdsbDocument ,0
4/19/2018 21:58:35,ACCT04\paliderd,IES.DataBridge.Loaders.RateDetailLoader.GetRatesForRdsbDocument ,100
4/19/2018 21:58:36,ACCT04\paliderd,BEGIN - IES.DataBridge.Common.DataLoader`1[[IES.DataBridge.ModelViews.DocumentDetailModelView, IES.DataBridge, Version=1.0.0.0, Culture=neutral, PublicKeyToken=null]].Save ,0
4/19/2018 21:58:36,ACCT04\paliderd,BEGIN - IES.DataBridge.Common.DataLoader`1[[IES.DataBridge.ModelViews.DocumentDetailModelView, IES.DataBridge, Version=1.0.0.0, Culture=neutral, PublicKeyToken=null]].Upsert ,0
4/19/2018 21:58:36,ACCT04\paliderd,IES.DataBridge.Common.DataLoader`1[[IES.DataBridge.ModelViews.DocumentDetailModelView, IES.DataBridge, Version=1.0.0.0, Culture=neutral, PublicKeyToken=null]].Upsert ,225
4/19/2018 21:58:36,ACCT04\paliderd,BEGIN - IES.DataBridge.Common.DataLoader`1[[IES.DataBridge.ModelViews.RdsbRateCodeXrefModelView, IES.DataBridge, Version=1.0.0.0, Culture=neutral, PublicKeyToken=null]].BulkSave ,0
4/19/2018 21:58:36,ACCT04\paliderd,IES.DataBridge.Common.DataLoader`1[[IES.DataBridge.ModelViews.RdsbRateCodeXrefModelView, IES.DataBridge, Version=1.0.0.0, Culture=neutral, PublicKeyToken=null]].BulkSave ,213
4/19/2018 21:58:36,ACCT04\paliderd,BEGIN - IES.DataBridge.Common.DataLoader`1[[IES.DataBridge.ModelViews.RdsbSectionXrefModelView, IES.DataBridge, Version=1.0.0.0, Culture=neutral, PublicKeyToken=null]].BulkSave ,0
4/19/2018 21:58:37,ACCT04\paliderd,IES.DataBridge.Common.DataLoader`1[[IES.DataBridge.ModelViews.RdsbSectionXrefModelView, IES.DataBridge, Version=1.0.0.0, Culture=neutral, PublicKeyToken=null]].BulkSave ,134
4/19/2018 21:58:37,ACCT04\paliderd,IES.DataBridge.Common.DataLoader`1[[IES.DataBridge.ModelViews.DocumentDetailModelView, IES.DataBridge, Version=1.0.0.0, Culture=neutral, PublicKeyToken=null]].Save ,580
4/19/2018 21:58:37,ACCT04\paliderd,ACTION - Save,2392
4/19/2018 21:58:37,ACCT04\paliderd,BEGIN - IES.DataBridge.Loaders.WhosOnlineLoader.UpdateLastAccessTime ,0
4/19/2018 21:58:37,ACCT04\paliderd,IES.DataBridge.Loaders.WhosOnlineLoader.UpdateLastAccessTime ,225
4/19/2018 21:58:37,ACCT04\paliderd,BEGIN - GenTRAC.DataBridge.DTO.IUserMapper.GetByNtid UserMapper.GetByNtid,0
4/19/2018 21:58:37,ACCT04\paliderd,GenTRAC.DataBridge.DTO.IUserMapper.GetByNtid UserMapper.GetByNtid,0
4/19/2018 21:58:37,ACCT04\paliderd,BEGIN - GenTRAC.DataBridge.DTO.ProposalLoader.GetByIds ProposalLoader.GetByIds,0
4/19/2018 21:58:37,ACCT04\paliderd,GenTRAC.DataBridge.DTO.ProposalLoader.GetByIds ProposalLoader.GetByIds,148
4/19/2018 21:58:37,ACCT04\paliderd,BEGIN - IES.DataBridge.Loaders.RevisionLoader.GetAll ,0
4/19/2018 21:58:37,ACCT04\paliderd,IES.DataBridge.Loaders.RevisionLoader.GetAll ,103
4/19/2018 21:58:37,ACCT04\paliderd,ACTION - Edit,394
4/19/2018 21:58:39,ACCT04\paliderd,BEGIN - IES.DataBridge.Loaders.WhosOnlineLoader.UpdateLastAccessTime ,0
4/19/2018 21:58:39,ACCT04\paliderd,IES.DataBridge.Loaders.WhosOnlineLoader.UpdateLastAccessTime ,282
4/19/2018 21:58:40,ACCT04\paliderd,ACTION - GetSectionsForRevision,1239
4/19/2018 21:58:41,ACCT04\paliderd,BEGIN - IES.DataBridge.Loaders.WhosOnlineLoader.UpdateLastAccessTime ,0
4/19/2018 21:58:41,ACCT04\paliderd,IES.DataBridge.Loaders.WhosOnlineLoader.UpdateLastAccessTime ,224
4/19/2018 21:58:41,ACCT04\paliderd,BEGIN - IES.DataBridge.Loaders.RateDetailLoader.GetRatesForRdsbDocument ,0
4/19/2018 21:58:42,ACCT04\paliderd,IES.DataBridge.Loaders.RateDetailLoader.GetRatesForRdsbDocument ,140
4/19/2018 21:58:42,ACCT04\paliderd,ACTION - GetRateCodesForRevision,141
4/19/2018 21:58:50,ACCT04\paliderd,BEGIN - IES.DataBridge.Loaders.WhosOnlineLoader.UpdateLastAccessTime ,0
4/19/2018 21:58:50,ACCT04\paliderd,IES.DataBridge.Loaders.WhosOnlineLoader.UpdateLastAccessTime ,217
4/19/2018 21:58:50,ACCT04\paliderd,BEGIN - GenTRAC.DataBridge.DTO.IUserMapper.GetByNtid UserMapper.GetByNtid,0
4/19/2018 21:58:50,ACCT04\paliderd,GenTRAC.DataBridge.DTO.IUserMapper.GetByNtid UserMapper.GetByNtid,0
4/19/2018 21:58:51,ACCT04\paliderd,BEGIN - IES.DataBridge.Loaders.RevisionLoader.GetAll ,0
4/19/2018 21:58:51,ACCT04\paliderd,IES.DataBridge.Loaders.RevisionLoader.GetAll ,95
4/19/2018 21:58:51,ACCT04\paliderd,BEGIN - IES.DataBridge.Loaders.RateDetailLoader.GetRatesForRdsbDocument ,0
4/19/2018 21:58:51,ACCT04\paliderd,IES.DataBridge.Loaders.RateDetailLoader.GetRatesForRdsbDocument ,100
4/19/2018 21:58:52,ACCT04\paliderd,BEGIN - IES.DataBridge.Common.DataLoader`1[[IES.DataBridge.ModelViews.DocumentDetailModelView, IES.DataBridge, Version=1.0.0.0, Culture=neutral, PublicKeyToken=null]].Save ,0
4/19/2018 21:58:52,ACCT04\paliderd,BEGIN - IES.DataBridge.Common.DataLoader`1[[IES.DataBridge.ModelViews.DocumentDetailModelView, IES.DataBridge, Version=1.0.0.0, Culture=neutral, PublicKeyToken=null]].Upsert ,0
4/19/2018 21:58:52,ACCT04\paliderd,IES.DataBridge.Common.DataLoader`1[[IES.DataBridge.ModelViews.DocumentDetailModelView, IES.DataBridge, Version=1.0.0.0, Culture=neutral, PublicKeyToken=null]].Upsert ,147
4/19/2018 21:58:52,ACCT04\paliderd,BEGIN - IES.DataBridge.Common.DataLoader`1[[IES.DataBridge.ModelViews.RdsbRateCodeXrefModelView, IES.DataBridge, Version=1.0.0.0, Culture=neutral, PublicKeyToken=null]].BulkSave ,0
4/19/2018 21:58:52,ACCT04\paliderd,IES.DataBridge.Common.DataLoader`1[[IES.DataBridge.ModelViews.RdsbRateCodeXrefModelView, IES.DataBridge, Version=1.0.0.0, Culture=neutral, PublicKeyToken=null]].BulkSave ,149
4/19/2018 21:58:52,ACCT04\paliderd,BEGIN - IES.DataBridge.Common.DataLoader`1[[IES.DataBridge.ModelViews.RdsbSectionXrefModelView, IES.DataBridge, Version=1.0.0.0, Culture=neutral, PublicKeyToken=null]].BulkSave ,0
4/19/2018 21:58:53,ACCT04\paliderd,IES.DataBridge.Common.DataLoader`1[[IES.DataBridge.ModelViews.RdsbSectionXrefModelView, IES.DataBridge, Version=1.0.0.0, Culture=neutral, PublicKeyToken=null]].BulkSave ,116
4/19/2018 21:58:53,ACCT04\paliderd,IES.DataBridge.Common.DataLoader`1[[IES.DataBridge.ModelViews.DocumentDetailModelView, IES.DataBridge, Version=1.0.0.0, Culture=neutral, PublicKeyToken=null]].Save ,414
4/19/2018 21:58:53,ACCT04\paliderd,ACTION - Save,2118
4/19/2018 21:58:53,ACCT04\paliderd,BEGIN - IES.DataBridge.Loaders.WhosOnlineLoader.UpdateLastAccessTime ,0
4/19/2018 21:58:53,ACCT04\paliderd,IES.DataBridge.Loaders.WhosOnlineLoader.UpdateLastAccessTime ,242
4/19/2018 21:58:53,ACCT04\paliderd,BEGIN - GenTRAC.DataBridge.DTO.IUserMapper.GetByNtid UserMapper.GetByNtid,0
4/19/2018 21:58:53,ACCT04\paliderd,GenTRAC.DataBridge.DTO.IUserMapper.GetByNtid UserMapper.GetByNtid,0
4/19/2018 21:58:53,ACCT04\paliderd,BEGIN - GenTRAC.DataBridge.DTO.ProposalLoader.GetByIds ProposalLoader.GetByIds,0
4/19/2018 21:58:53,ACCT04\paliderd,GenTRAC.DataBridge.DTO.ProposalLoader.GetByIds ProposalLoader.GetByIds,154
4/19/2018 21:58:53,ACCT04\paliderd,BEGIN - IES.DataBridge.Loaders.RevisionLoader.GetAll ,0
4/19/2018 21:58:53,ACCT04\paliderd,IES.DataBridge.Loaders.RevisionLoader.GetAll ,94
4/19/2018 21:58:53,ACCT04\paliderd,ACTION - Edit,366
4/19/2018 21:58:55,ACCT04\paliderd,BEGIN - IES.DataBridge.Loaders.WhosOnlineLoader.UpdateLastAccessTime ,0
4/19/2018 21:58:55,ACCT04\paliderd,IES.DataBridge.Loaders.WhosOnlineLoader.UpdateLastAccessTime ,264
4/19/2018 21:58:56,ACCT04\paliderd,ACTION - GetSectionsForRevision,1206
4/19/2018 21:58:58,ACCT04\paliderd,BEGIN - IES.DataBridge.Loaders.WhosOnlineLoader.UpdateLastAccessTime ,0
4/19/2018 21:58:58,ACCT04\paliderd,IES.DataBridge.Loaders.WhosOnlineLoader.UpdateLastAccessTime ,329
4/19/2018 21:58:58,ACCT04\paliderd,BEGIN - IES.DataBridge.Loaders.RateDetailLoader.GetRatesForRdsbDocument ,0
4/19/2018 21:58:58,ACCT04\paliderd,IES.DataBridge.Loaders.RateDetailLoader.GetRatesForRdsbDocument ,181
4/19/2018 21:58:58,ACCT04\paliderd,ACTION - GetRateCodesForRevision,181
4/24/2018 13:23:32,ACCT04\paliderd,BEGIN - IES.DataBridge.Loaders.WhosOnlineLoader.UpdateLastAccessTime ,0
4/24/2018 13:23:33,ACCT04\paliderd,IES.DataBridge.Loaders.WhosOnlineLoader.UpdateLastAccessTime ,1498
4/24/2018 13:23:34,ACCT04\paliderd,BEGIN - GenTRAC.DataBridge.DTO.IUserMapper.GetByNtid UserMapper.GetByNtid,0
4/24/2018 13:23:34,ACCT04\paliderd,BEGIN - GenTRAC.DataBridge.DTO.UserLoader.UserExists UserLoader.UserExists,0
4/24/2018 13:23:34,ACCT04\paliderd,GenTRAC.DataBridge.DTO.UserLoader.UserExists UserLoader.UserExists,809
4/24/2018 13:23:34,ACCT04\paliderd,BEGIN - GenTRAC.DataBridge.DTO.UserLoader.GetByNtid UserLoader.GetUserByNtid,0
4/24/2018 13:23:35,ACCT04\paliderd,GenTRAC.DataBridge.DTO.UserLoader.GetByNtid UserLoader.GetUserByNtid,201
4/24/2018 13:23:35,ACCT04\paliderd,MISS - GetByNtid -> Key: user_paliderd,204
4/24/2018 13:23:35,ACCT04\paliderd,GenTRAC.DataBridge.DTO.IUserMapper.GetByNtid UserMapper.GetByNtid,1025
4/24/2018 13:23:36,ACCT04\paliderd,BEGIN - GenTRAC.DataBridge.DTO.ProposalLoader.GetAllSlim ProposalLoader.GetAllSlim,0
4/24/2018 13:23:36,ACCT04\paliderd,GenTRAC.DataBridge.DTO.ProposalLoader.GetAllSlim ProposalLoader.GetAllSlim,300
4/24/2018 13:23:36,ACCT04\paliderd,BEGIN - IES.DataBridge.Loaders.RevisionLoader.GetAll ,0
4/24/2018 13:23:36,ACCT04\paliderd,IES.DataBridge.Loaders.RevisionLoader.GetAll ,204
4/24/2018 13:23:38,ACCT04\paliderd,ACTION - Index,4549
4/24/2018 13:23:45,ACCT04\paliderd,BEGIN - IES.DataBridge.Loaders.WhosOnlineLoader.UpdateLastAccessTime ,0
4/24/2018 13:23:45,ACCT04\paliderd,IES.DataBridge.Loaders.WhosOnlineLoader.UpdateLastAccessTime ,213
4/24/2018 13:23:45,ACCT04\paliderd,ACTION - CanViewWhosOnline,1
4/24/2018 13:49:04,ACCT04\paliderd,BEGIN - IES.DataBridge.Loaders.WhosOnlineLoader.UpdateLastAccessTime ,0
4/24/2018 13:49:05,ACCT04\paliderd,IES.DataBridge.Loaders.WhosOnlineLoader.UpdateLastAccessTime ,810
4/24/2018 13:49:05,ACCT04\paliderd,BEGIN - GenTRAC.DataBridge.DTO.IUserMapper.GetByNtid UserMapper.GetByNtid,0
4/24/2018 13:49:05,ACCT04\paliderd,BEGIN - GenTRAC.DataBridge.DTO.UserLoader.UserExists UserLoader.UserExists,0
4/24/2018 13:49:05,ACCT04\paliderd,GenTRAC.DataBridge.DTO.UserLoader.UserExists UserLoader.UserExists,400
4/24/2018 13:49:05,ACCT04\paliderd,GenTRAC.DataBridge.DTO.IUserMapper.GetByNtid UserMapper.GetByNtid,401
4/24/2018 13:49:07,ACCT04\paliderd,BEGIN - GenTRAC.DataBridge.DTO.ProposalLoader.GetByIds ProposalLoader.GetByIds,0
4/24/2018 13:49:07,ACCT04\paliderd,GenTRAC.DataBridge.DTO.ProposalLoader.GetByIds ProposalLoader.GetByIds,345
4/24/2018 13:49:07,ACCT04\paliderd,BEGIN - IES.DataBridge.Loaders.RevisionLoader.GetAll ,0
4/24/2018 13:49:07,ACCT04\paliderd,IES.DataBridge.Loaders.RevisionLoader.GetAll ,142
4/24/2018 13:49:07,ACCT04\paliderd,ACTION - Edit,2431
4/24/2018 13:49:08,ACCT04\paliderd,BEGIN - IES.DataBridge.Loaders.WhosOnlineLoader.UpdateLastAccessTime ,0
4/24/2018 13:49:08,ACCT04\paliderd,IES.DataBridge.Loaders.WhosOnlineLoader.UpdateLastAccessTime ,232
4/24/2018 13:49:09,ACCT04\paliderd,ACTION - GetSectionsForRevision,1160
4/24/2018 13:49:10,ACCT04\paliderd,BEGIN - IES.DataBridge.Loaders.WhosOnlineLoader.UpdateLastAccessTime ,0
4/24/2018 13:49:10,ACCT04\paliderd,IES.DataBridge.Loaders.WhosOnlineLoader.UpdateLastAccessTime ,207
4/24/2018 13:49:10,ACCT04\paliderd,BEGIN - IES.DataBridge.Loaders.RateDetailLoader.GetRatesForRdsbDocument ,0
4/24/2018 13:49:10,ACCT04\paliderd,IES.DataBridge.Loaders.RateDetailLoader.GetRatesForRdsbDocument ,148
4/24/2018 13:49:10,ACCT04\paliderd,ACTION - GetRateCodesForRevision,151
5/9/2019 14:21:48,ACCT04\paliderd,BEGIN - IES.DataBridge.Loaders.WhosOnlineLoader.UpdateLastAccessTime ,0
5/9/2019 14:21:50,ACCT04\paliderd,IES.DataBridge.Loaders.WhosOnlineLoader.UpdateLastAccessTime ,2104
5/9/2019 14:21:50,ACCT04\paliderd,BEGIN - GenTRAC.DataBridge.DTO.IUserMapper.GetByNtid UserMapper.GetByNtid,0
5/9/2019 14:21:50,ACCT04\paliderd,BEGIN - GenTRAC.DataBridge.DTO.UserLoader.UserExists UserLoader.UserExists,0
5/9/2019 14:21:51,ACCT04\paliderd,GenTRAC.DataBridge.DTO.UserLoader.UserExists UserLoader.UserExists,1248
5/9/2019 14:21:51,ACCT04\paliderd,BEGIN - GenTRAC.DataBridge.DTO.UserLoader.GetByNtid UserLoader.GetUserByNtid,0
5/9/2019 14:21:51,ACCT04\paliderd,GenTRAC.DataBridge.DTO.UserLoader.GetByNtid UserLoader.GetUserByNtid,111
5/9/2019 14:21:51,ACCT04\paliderd,MISS - GetByNtid -> Key: user_paliderd,115
5/9/2019 14:21:51,ACCT04\paliderd,GenTRAC.DataBridge.DTO.IUserMapper.GetByNtid UserMapper.GetByNtid,1375
5/9/2019 14:21:53,ACCT04\paliderd,BEGIN - GenTRAC.DataBridge.DTO.ProposalLoader.GetAllSlim ProposalLoader.GetAllSlim,0
5/9/2019 14:21:53,ACCT04\paliderd,GenTRAC.DataBridge.DTO.ProposalLoader.GetAllSlim ProposalLoader.GetAllSlim,358
5/9/2019 14:21:53,ACCT04\paliderd,BEGIN - IES.DataBridge.Loaders.RevisionLoader.GetAll ,0
5/9/2019 14:21:53,ACCT04\paliderd,IES.DataBridge.Loaders.RevisionLoader.GetAll ,243
5/9/2019 14:21:56,ACCT04\paliderd,ACTION - Index,6425
5/9/2019 14:22:05,ACCT04\paliderd,BEGIN - IES.DataBridge.Loaders.WhosOnlineLoader.UpdateLastAccessTime ,0
5/9/2019 14:22:05,ACCT04\paliderd,IES.DataBridge.Loaders.WhosOnlineLoader.UpdateLastAccessTime ,333
5/9/2019 14:22:05,ACCT04\paliderd,ACTION - CanViewWhosOnline,1
5/9/2019 14:38:08,ACCT04\paliderd,BEGIN - IES.DataBridge.Loaders.WhosOnlineLoader.UpdateLastAccessTime ,0
5/9/2019 14:38:09,ACCT04\paliderd,IES.DataBridge.Loaders.WhosOnlineLoader.UpdateLastAccessTime ,1051
5/9/2019 14:38:09,ACCT04\paliderd,BEGIN - GenTRAC.DataBridge.DTO.IUserMapper.GetByNtid UserMapper.GetByNtid,0
5/9/2019 14:38:09,ACCT04\paliderd,BEGIN - GenTRAC.DataBridge.DTO.UserLoader.UserExists UserLoader.UserExists,0
5/9/2019 14:38:10,ACCT04\paliderd,GenTRAC.DataBridge.DTO.UserLoader.UserExists UserLoader.UserExists,480
5/9/2019 14:38:10,ACCT04\paliderd,GenTRAC.DataBridge.DTO.IUserMapper.GetByNtid UserMapper.GetByNtid,481
5/9/2019 14:38:11,ACCT04\paliderd,BEGIN - GenTRAC.DataBridge.DTO.ProposalLoader.GetAllSlim ProposalLoader.GetAllSlim,0
5/9/2019 14:38:11,ACCT04\paliderd,GenTRAC.DataBridge.DTO.ProposalLoader.GetAllSlim ProposalLoader.GetAllSlim,362
5/9/2019 14:38:11,ACCT04\paliderd,BEGIN - IES.DataBridge.Loaders.RevisionLoader.GetAll ,0
5/9/2019 14:38:12,ACCT04\paliderd,IES.DataBridge.Loaders.RevisionLoader.GetAll ,156
5/9/2019 14:38:14,ACCT04\paliderd,ACTION - Index,4606
5/9/2019 14:38:15,ACCT04\paliderd,BEGIN - IES.DataBridge.Loaders.WhosOnlineLoader.UpdateLastAccessTime ,0
5/9/2019 14:38:15,ACCT04\paliderd,IES.DataBridge.Loaders.WhosOnlineLoader.UpdateLastAccessTime ,242
5/9/2019 14:38:15,ACCT04\paliderd,ACTION - CanViewWhosOnline,0
5/9/2019 14:46:49,ACCT04\paliderd,BEGIN - IES.DataBridge.Loaders.WhosOnlineLoader.UpdateLastAccessTime ,0
5/9/2019 14:46:49,ACCT04\paliderd,IES.DataBridge.Loaders.WhosOnlineLoader.UpdateLastAccessTime ,607
5/9/2019 14:46:49,ACCT04\paliderd,BEGIN - GenTRAC.DataBridge.DTO.IUserMapper.GetByNtid UserMapper.GetByNtid,0
5/9/2019 14:46:49,ACCT04\paliderd,BEGIN - GenTRAC.DataBridge.DTO.UserLoader.UserExists UserLoader.UserExists,0
5/9/2019 14:46:50,ACCT04\paliderd,GenTRAC.DataBridge.DTO.UserLoader.UserExists UserLoader.UserExists,462
5/9/2019 14:46:50,ACCT04\paliderd,GenTRAC.DataBridge.DTO.IUserMapper.GetByNtid UserMapper.GetByNtid,462
5/9/2019 14:46:51,ACCT04\paliderd,BEGIN - GenTRAC.DataBridge.DTO.ProposalLoader.GetAllSlim ProposalLoader.GetAllSlim,0
5/9/2019 14:46:51,ACCT04\paliderd,GenTRAC.DataBridge.DTO.ProposalLoader.GetAllSlim ProposalLoader.GetAllSlim,310
5/9/2019 14:46:51,ACCT04\paliderd,BEGIN - IES.DataBridge.Loaders.RevisionLoader.GetAll ,0
5/9/2019 14:46:52,ACCT04\paliderd,IES.DataBridge.Loaders.RevisionLoader.GetAll ,260
5/9/2019 14:46:54,ACCT04\paliderd,ACTION - Index,4460
5/9/2019 14:46:55,ACCT04\paliderd,BEGIN - IES.DataBridge.Loaders.WhosOnlineLoader.UpdateLastAccessTime ,0
5/9/2019 14:46:56,ACCT04\paliderd,IES.DataBridge.Loaders.WhosOnlineLoader.UpdateLastAccessTime ,352
5/9/2019 14:46:56,ACCT04\paliderd,ACTION - CanViewWhosOnline,0
5/9/2019 14:54:06,ACCT04\paliderd,BEGIN - IES.DataBridge.Loaders.WhosOnlineLoader.UpdateLastAccessTime ,0
5/9/2019 14:54:06,ACCT04\paliderd,IES.DataBridge.Loaders.WhosOnlineLoader.UpdateLastAccessTime ,232
5/9/2019 14:54:06,ACCT04\paliderd,BEGIN - GenTRAC.DataBridge.DTO.IUserMapper.GetByNtid UserMapper.GetByNtid,0
5/9/2019 14:54:06,ACCT04\paliderd,BEGIN - GenTRAC.DataBridge.DTO.UserLoader.UserExists UserLoader.UserExists,0
5/9/2019 14:54:07,ACCT04\paliderd,GenTRAC.DataBridge.DTO.UserLoader.UserExists UserLoader.UserExists,913
5/9/2019 14:54:07,ACCT04\paliderd,GenTRAC.DataBridge.DTO.IUserMapper.GetByNtid UserMapper.GetByNtid,914
5/9/2019 14:54:08,ACCT04\paliderd,BEGIN - GenTRAC.DataBridge.DTO.ProposalLoader.GetAllSlim ProposalLoader.GetAllSlim,0
5/9/2019 14:54:08,ACCT04\paliderd,GenTRAC.DataBridge.DTO.ProposalLoader.GetAllSlim ProposalLoader.GetAllSlim,336
5/9/2019 14:54:08,ACCT04\paliderd,BEGIN - IES.DataBridge.Loaders.RevisionLoader.GetAll ,0
5/9/2019 14:54:09,ACCT04\paliderd,IES.DataBridge.Loaders.RevisionLoader.GetAll ,99
5/9/2019 14:54:11,ACCT04\paliderd,ACTION - Index,5024
5/9/2019 14:54:15,ACCT04\paliderd,BEGIN - IES.DataBridge.Loaders.WhosOnlineLoader.UpdateLastAccessTime ,0
5/9/2019 14:54:16,ACCT04\paliderd,IES.DataBridge.Loaders.WhosOnlineLoader.UpdateLastAccessTime ,432
5/9/2019 14:54:16,ACCT04\paliderd,ACTION - CanViewWhosOnline,0
5/9/2019 14:58:14,ACCT04\paliderd,BEGIN - IES.DataBridge.Loaders.WhosOnlineLoader.UpdateLastAccessTime ,0
5/9/2019 14:58:14,ACCT04\paliderd,IES.DataBridge.Loaders.WhosOnlineLoader.UpdateLastAccessTime ,219
5/9/2019 14:58:14,ACCT04\paliderd,BEGIN - GenTRAC.DataBridge.DTO.IUserMapper.GetByNtid UserMapper.GetByNtid,0
5/9/2019 14:58:14,ACCT04\paliderd,BEGIN - GenTRAC.DataBridge.DTO.UserLoader.UserExists UserLoader.UserExists,0
5/9/2019 14:58:14,ACCT04\paliderd,GenTRAC.DataBridge.DTO.UserLoader.UserExists UserLoader.UserExists,87
5/9/2019 14:58:14,ACCT04\paliderd,GenTRAC.DataBridge.DTO.IUserMapper.GetByNtid UserMapper.GetByNtid,87
5/9/2019 14:58:15,ACCT04\paliderd,BEGIN - GenTRAC.DataBridge.DTO.ProposalLoader.GetAllSlim ProposalLoader.GetAllSlim,0
5/9/2019 14:58:15,ACCT04\paliderd,GenTRAC.DataBridge.DTO.ProposalLoader.GetAllSlim ProposalLoader.GetAllSlim,336
5/9/2019 14:58:15,ACCT04\paliderd,BEGIN - IES.DataBridge.Loaders.RevisionLoader.GetAll ,0
5/9/2019 14:58:16,ACCT04\paliderd,IES.DataBridge.Loaders.RevisionLoader.GetAll ,105
5/9/2019 14:58:17,ACCT04\paliderd,ACTION - Index,3512
5/9/2019 14:58:20,ACCT04\paliderd,BEGIN - IES.DataBridge.Loaders.WhosOnlineLoader.UpdateLastAccessTime ,0
5/9/2019 14:58:20,ACCT04\paliderd,IES.DataBridge.Loaders.WhosOnlineLoader.UpdateLastAccessTime ,265
5/9/2019 14:58:20,ACCT04\paliderd,ACTION - CanViewWhosOnline,0
4/8/2020 9:59:04,ACCT04\paliderd,BEGIN - IES.DataBridge.Loaders.WhosOnlineLoader.UpdateLastAccessTime ,0
4/8/2020 9:59:06,ACCT04\paliderd,IES.DataBridge.Loaders.WhosOnlineLoader.UpdateLastAccessTime ,2442
4/8/2020 9:59:07,ACCT04\paliderd,BEGIN - GenTRAC.DataBridge.DTO.IUserMapper.GetByNtid UserMapper.GetByNtid,0
4/8/2020 9:59:07,ACCT04\paliderd,BEGIN - GenTRAC.DataBridge.DTO.UserLoader.UserExists UserLoader.UserExists,0
4/8/2020 9:59:08,ACCT04\paliderd,GenTRAC.DataBridge.DTO.UserLoader.UserExists UserLoader.UserExists,1118
4/8/2020 9:59:08,ACCT04\paliderd,BEGIN - GenTRAC.DataBridge.DTO.UserLoader.GetByNtid UserLoader.GetUserByNtid,0
4/8/2020 9:59:08,ACCT04\paliderd,GenTRAC.DataBridge.DTO.UserLoader.GetByNtid UserLoader.GetUserByNtid,100
4/8/2020 9:59:08,ACCT04\paliderd,MISS - GetByNtid -> Key: user_paliderd,110
4/8/2020 9:59:08,ACCT04\paliderd,GenTRAC.DataBridge.DTO.IUserMapper.GetByNtid UserMapper.GetByNtid,1256
4/8/2020 9:59:09,ACCT04\paliderd,BEGIN - GenTRAC.DataBridge.DTO.ProposalLoader.GetAllSlim ProposalLoader.GetAllSlim,0
4/8/2020 9:59:09,ACCT04\paliderd,GenTRAC.DataBridge.DTO.ProposalLoader.GetAllSlim ProposalLoader.GetAllSlim,233
4/8/2020 9:59:09,ACCT04\paliderd,BEGIN - IES.DataBridge.Loaders.RevisionLoader.GetAll ,0
4/8/2020 9:59:10,ACCT04\paliderd,IES.DataBridge.Loaders.RevisionLoader.GetAll ,316
4/8/2020 9:59:11,ACCT04\paliderd,ACTION - Index,4450
4/8/2020 9:59:23,ACCT04\paliderd,BEGIN - IES.DataBridge.Loaders.WhosOnlineLoader.UpdateLastAccessTime ,0
4/8/2020 9:59:23,ACCT04\paliderd,IES.DataBridge.Loaders.WhosOnlineLoader.UpdateLastAccessTime ,182
4/8/2020 9:59:23,ACCT04\paliderd,ACTION - CanViewWhosOnline,2
